ID,CreditScore,DebtRatio,Assets,Age,NumberOfDependents,NumberOfOpenCreditLinesAndLoans,MonthlyIncome,NumberOfTimesPastDue,EmploymentLength,HomeOwnership,Education,MaritalStatus,YearsAtCurrentAddress,NewLoanApplication
10001,737,0.479046981473649,34979,63,6,12,2904,8,15,Mortgage,High School,Widowed,20,37752.0
10002,411,0.4429300904574954,56459,28,7,4,17639,11,4,Rent,High School,Widowed,21,52917.0
10003,732,0.5323139674561232,76570,26,5,8,17730,7,10,Rent,High School,Widowed,10,106380.0
10004,710,0.295540978309909,86752,51,8,16,7166,16,18,Mortgage,Masters,Widowed,17,35830.0
10005,848,0.2483777846419732,102286,29,4,8,4688,16,1,Own,High School,Widowed,26,32816.0
10006,828,0.3431732780464748,72326,66,9,7,4809,13,27,Mortgage,High School,Divorced,9,57708.0
10007,433,0.6888419576261036,117902,43,8,0,17240,15,13,Mortgage,Masters,Divorced,3,103440.0
10008,624,0.0079853559775933,152049,34,5,7,12710,9,2,Rent,High School,Widowed,14,139810.0
10009,685,0.0912461864297545,110153,65,7,7,10950,4,28,Rent,Masters,Divorced,1,229950.0
10010,502,0.1230414873907888,156750,49,6,5,13097,3,7,Own,High School,Divorced,16,248843.0
10011,460,0.0303563361865748,60207,41,4,4,10571,6,7,Mortgage,Masters,Widowed,16,73997.0
10012,556,0.4605760533573664,25140,55,5,6,13563,18,15,Rent,Masters,Widowed,1,94941.0
10013,844,0.5121728304538827,87135,87,9,1,9882,3,13,Rent,High School,Widowed,8,138348.0
10014,743,0.098325106333344,173959,49,7,19,8299,7,0,Mortgage,High School,Widowed,24,149382.0
10015,342,0.0269260794125715,63666,87,9,9,19378,8,25,Mortgage,High School,Widowed,28,174402.0
10016,587,0.5051635442564755,34557,67,8,8,13530,0,0,Mortgage,High School,Widowed,18,40590.0
10017,810,0.3566282070162758,54762,81,8,19,3896,5,1,Rent,Bachelor,Widowed,5,27272.0
10018,302,0.1142218851480243,168242,38,8,18,9034,9,13,Rent,Masters,Widowed,6,63238.0
10019,561,0.6969307757468237,148137,27,8,12,12686,6,9,Rent,Bachelor,Widowed,5,215662.0
10020,377,0.5278148223627023,166517,28,7,0,7252,10,2,Own,High School,Divorced,1,101528.0
10021,726,0.1740462772309545,146746,43,6,15,12079,17,24,Mortgage,PhD,Widowed,14,120790.0
10022,534,0.0322561479225805,136033,46,9,1,11891,2,18,Mortgage,High School,Divorced,17,202147.0
10023,789,0.9413113410991132,25695,31,5,2,12146,1,13,Mortgage,High School,Widowed,11,267212.0
10024,749,0.1134693857247679,129106,72,9,0,16145,9,7,Rent,Masters,Divorced,2,306755.0
10025,513,0.0095497053011478,133533,55,5,8,5636,9,23,Rent,High School,Widowed,17,101448.0
10026,500,0.4396256927976116,137810,87,6,4,5257,1,2,Rent,High School,Divorced,7,89369.0
10027,807,0.3765072678471363,101350,79,3,19,8072,5,1,Mortgage,High School,Widowed,0,137224.0
10028,321,0.6173467396967849,55566,21,3,1,5321,0,14,Mortgage,Masters,Divorced,14,53210.0
10029,317,0.1175275334024498,38847,33,8,3,17436,12,12,Rent,High School,Divorced,24,87180.0
10030,306,0.4277647761460058,149304,30,6,10,14221,7,4,Rent,Masters,Divorced,16,241757.0
10031,453,0.3112843734405391,153983,43,4,15,18533,0,14,Rent,High School,Widowed,11,111198.0
10032,544,0.0881325599396851,123478,22,7,10,18077,13,11,Rent,Masters,Single,25,72308.0
10033,460,0.1590269168013699,127728,36,9,8,12360,17,4,Own,Bachelor,Widowed,14,173040.0
10034,685,0.864404421262959,148266,35,6,0,4190,2,21,Rent,Masters,Divorced,7,12570.0
10035,394,0.7074052959076863,133296,46,8,14,12180,0,8,Mortgage,Masters,Divorced,2,133980.0
10036,516,0.3143796593710414,51343,43,9,8,6820,3,5,Mortgage,Bachelor,Widowed,19,54560.0
10037,578,0.0649048512698934,78678,85,7,13,11399,5,3,Rent,Masters,Divorced,9,136788.0
10038,536,0.3218254543152953,33674,63,8,11,7175,4,1,Own,Masters,Widowed,1,129150.0
10039,593,0.3795315689111994,158350,19,8,5,7862,6,13,Mortgage,PhD,Divorced,11,133654.0
10040,812,0.0135688105747538,63420,65,4,1,6263,5,19,Rent,High School,Widowed,25,50104.0
10041,624,0.4358259711032395,151875,25,5,4,14866,3,9,Own,High School,Widowed,5,178392.0
10042,809,0.0983103893248005,160057,58,3,10,10877,1,27,Mortgage,High School,Widowed,11,108770.0
10043,355,0.0688631063049124,178046,89,6,3,4182,13,1,Mortgage,High School,Widowed,8,41820.0
10044,792,0.2520325625321646,44003,70,9,1,14187,0,28,Mortgage,Masters,Widowed,9,212805.0
10045,423,0.9096815845602916,78213,35,9,13,13046,8,13,Rent,Masters,Divorced,3,221782.0
10046,440,0.1804019010027925,65593,66,9,11,2622,10,6,Rent,High School,Widowed,0,39330.0
10047,820,0.3787255549115349,48976,30,9,5,3861,1,18,Mortgage,PhD,Widowed,20,34749.0
10048,630,0.4874379046568359,125483,19,5,4,18729,4,10,Mortgage,High School,Divorced,1,56187.0
10049,821,0.3932005069594873,103563,77,8,14,11886,9,29,Mortgage,Masters,Widowed,3,95088.0
10050,822,0.3390848763878119,126478,66,9,10,4138,0,0,Own,High School,Widowed,4,78622.0
10051,727,0.0663334168063698,61987,52,2,11,5722,17,28,Mortgage,High School,Widowed,1,28610.0
10052,675,0.693203304752534,106962,39,8,3,6011,12,8,Mortgage,High School,Widowed,26,24044.0
10053,610,0.0112062229957949,142855,70,4,18,4113,11,13,Own,High School,Widowed,5,41130.0
10054,436,0.1063746411375482,176577,79,9,0,16222,9,2,Rent,Masters,Married,22,97332.0
10055,604,0.2493933324196662,130014,20,5,15,16246,6,24,Rent,Masters,Divorced,10,243690.0
10056,570,0.0239393852759406,174522,28,2,3,17027,10,12,Rent,PhD,Widowed,18,306486.0
10057,700,0.4457468635794926,76775,86,9,1,2969,8,2,Mortgage,High School,Widowed,4,53442.0
10058,441,0.3099436059789231,105555,67,9,6,14578,16,22,Rent,Masters,Widowed,5,306138.0
10059,607,0.2027386261894344,117098,89,0,19,5035,5,13,Rent,High School,Widowed,5,30210.0
10060,671,0.2026507154537716,65616,54,7,8,9325,19,7,Mortgage,Masters,Widowed,0,74600.0
10061,759,0.4527908857701047,189172,58,4,3,6758,0,2,Mortgage,Masters,Divorced,11,101370.0
10062,653,0.0272946266038021,122999,85,1,7,12591,10,15,Rent,High School,Widowed,10,201456.0
10063,369,0.4139852776333019,118703,20,8,8,12814,7,8,Rent,High School,Widowed,13,76884.0
10064,624,0.0760750394342928,54556,33,7,12,18301,1,29,Mortgage,Masters,Divorced,14,384321.0
10065,327,0.4542572673236871,86584,51,7,17,5062,7,4,Rent,Masters,Divorced,3,80992.0
10066,809,0.92534525388761,48463,69,5,10,19041,11,9,Rent,Masters,Widowed,8,228492.0
10067,681,0.104552926978596,60918,59,2,12,11469,6,13,Rent,Masters,Widowed,6,68814.0
10068,499,0.2262730969023417,56347,25,7,1,19780,0,28,Mortgage,Bachelor,Widowed,21,178020.0
10069,620,0.4196740502182668,46089,39,3,6,6485,4,1,Own,High School,Widowed,2,136185.0
10070,579,0.3687452927356688,131497,44,9,7,10685,8,17,Own,High School,Widowed,7,106850.0
10071,767,0.9841589570473204,159146,30,9,1,18678,11,17,Mortgage,Masters,Married,14,149424.0
10072,695,0.3005582194523124,192932,27,5,0,14908,19,24,Mortgage,High School,Widowed,16,89448.0
10073,310,0.168542113732019,139368,26,6,19,13622,11,29,Own,Masters,Widowed,10,258818.0
10074,820,0.1457846007182559,96607,60,1,10,14090,16,11,Rent,Masters,Widowed,12,42270.0
10075,764,0.0724449473751327,45557,20,6,5,2640,1,7,Mortgage,Masters,Single,8,42240.0
10076,560,0.5771126589984643,132405,27,4,2,7430,5,0,Own,High School,Widowed,27,96590.0
10077,593,0.1068101195388474,164126,88,3,11,7745,0,1,Rent,Masters,Married,3,77450.0
10078,765,0.6761956901192232,56957,56,7,6,9170,6,17,Rent,High School,Widowed,0,128380.0
10079,458,0.5696963244630067,63412,71,5,16,12950,0,0,Rent,Masters,Widowed,9,142450.0
10080,753,0.1229742384958967,154919,32,9,7,18971,12,29,Own,Masters,Widowed,22,322507.0
10081,342,0.3650052651838616,48964,27,4,17,4511,2,1,Rent,High School,Widowed,19,94731.0
10082,737,0.0700189305448651,109765,31,6,16,8703,6,14,Own,Bachelor,Widowed,18,156654.0
10083,409,0.4935539167804333,57667,23,8,5,16876,16,27,Mortgage,High School,Widowed,2,84380.0
10084,447,0.1287966775074743,142539,66,4,13,14739,6,8,Own,Masters,Widowed,10,58956.0
10085,597,0.2058229960393357,147794,19,4,6,10334,2,4,Mortgage,Masters,Single,10,196346.0
10086,644,0.9269345203968204,34579,20,6,7,16639,14,18,Rent,Masters,Widowed,24,66556.0
10087,751,0.7369897641101478,119716,51,3,7,7189,1,20,Rent,Masters,Widowed,11,122213.0
10088,790,0.4386684623610668,47672,50,9,1,4756,12,27,Rent,Masters,Widowed,13,80852.0
10089,519,0.3656851984435433,90090,37,9,11,8374,9,17,Mortgage,Masters,Divorced,3,75366.0
10090,395,0.3057215620803875,36183,30,8,12,10308,1,2,Mortgage,Bachelor,Widowed,11,41232.0
10091,833,0.3043620804173397,146802,86,6,9,12801,13,4,Own,High School,Widowed,21,89607.0
10092,802,0.0913651196862406,178772,31,5,7,9169,5,7,Rent,PhD,Widowed,3,174211.0
10093,750,0.9092657413306228,198049,57,9,3,14692,15,11,Mortgage,PhD,Widowed,11,176304.0
10094,439,0.0001352521913496,49158,51,0,4,4526,16,0,Own,High School,Widowed,26,54312.0
10095,800,0.0077371322756732,181505,29,7,15,19241,2,13,Mortgage,Masters,Divorced,9,288615.0
10096,469,0.5449938238426134,46232,30,2,2,4640,4,10,Rent,High School,Widowed,13,55680.0
10097,682,0.0804576004894517,98299,54,9,19,13207,0,7,Rent,High School,Widowed,16,26414.0
10098,596,0.0394293441021752,196221,33,8,13,16521,19,7,Mortgage,Masters,Divorced,6,82605.0
10099,649,0.0793409954697024,105013,60,2,12,10028,6,23,Rent,Masters,Widowed,1,70196.0
10100,845,0.9119523857707216,53133,25,3,7,1552,12,19,Rent,Masters,Widowed,13,17072.0
10101,437,0.101686777482996,99955,20,9,9,3256,9,28,Mortgage,Masters,Widowed,7,29304.0
10102,747,0.4807162563304257,181009,43,6,16,4211,2,2,Rent,Bachelor,Widowed,13,25266.0
10103,555,0.7969321363650979,169419,41,9,15,19626,12,3,Rent,Masters,Widowed,0,333642.0
10104,383,0.0715466141129781,199461,31,7,17,14446,0,17,Mortgage,Masters,Single,3,101122.0
10105,302,0.1907004823944699,127542,47,9,0,11313,4,10,Rent,Bachelor,Widowed,1,90504.0
10106,689,0.0966659145319912,113028,33,9,14,6271,0,1,Rent,High School,Widowed,22,119149.0
10107,363,0.00546684361211,153959,64,7,7,2872,1,2,Rent,Masters,Single,14,34464.0
10108,587,0.013013503128309,67350,89,8,0,13245,9,29,Own,High School,Widowed,0,105960.0
10109,718,0.2230414153304992,142665,33,9,2,19665,17,2,Mortgage,PhD,Widowed,19,275310.0
10110,630,0.0338955165106389,49487,54,3,0,19612,15,29,Rent,Masters,Widowed,7,274568.0
10111,786,0.2304503087086702,82613,42,3,11,4188,6,15,Mortgage,High School,Widowed,24,37692.0
10112,639,0.5928281823912299,87097,54,9,7,18730,6,10,Rent,Bachelor,Widowed,0,412060.0
10113,370,0.8573280642013115,158236,54,4,9,12911,9,1,Rent,Masters,Widowed,18,180754.0
10114,553,0.1531695547329973,111310,81,9,7,9176,17,18,Mortgage,High School,Widowed,8,165168.0
10115,677,0.118382153103099,62601,36,6,18,15568,9,24,Own,Masters,Widowed,0,233520.0
10116,766,0.4339080459740175,193525,61,1,13,14582,3,4,Rent,Bachelor,Widowed,3,247894.0
10117,724,0.9615800615908692,195770,29,8,0,11221,12,5,Mortgage,High School,Divorced,3,89768.0
10118,805,0.1571586696846539,84928,85,7,18,12724,6,10,Rent,Masters,Divorced,14,229032.0
10119,675,0.2382677424069076,53358,28,7,16,11718,2,23,Mortgage,High School,Widowed,13,70308.0
10120,362,0.0788234191055301,106913,43,6,4,11778,19,24,Mortgage,High School,Divorced,17,212004.0
10121,468,0.2000709954699414,87080,48,3,8,17949,5,23,Rent,High School,Widowed,4,161541.0
10122,640,0.2581598356688017,176939,72,6,7,12423,13,11,Mortgage,Masters,Widowed,12,173922.0
10123,586,0.7724810279414502,164692,54,5,0,14579,17,5,Rent,Masters,Widowed,1,72895.0
10124,644,0.0404348686515833,25711,43,8,13,2390,8,9,Rent,High School,Widowed,4,35850.0
10125,505,0.1584225920479093,141871,20,2,4,7491,2,10,Mortgage,Masters,Widowed,1,37455.0
10126,525,0.1034746010377488,36813,37,9,6,1791,9,20,Mortgage,Masters,Divorced,18,30447.0
10127,715,0.0443879075920414,47361,47,0,15,4989,5,6,Rent,High School,Widowed,17,99780.0
10128,592,0.0231491547641233,181910,63,5,14,7617,17,4,Rent,PhD,Widowed,22,45702.0
10129,450,0.296537626719073,182430,50,5,10,16261,15,18,Mortgage,High School,Divorced,0,276437.0
10130,447,0.2512252359050928,98473,26,3,4,13757,7,4,Own,Masters,Widowed,5,178841.0
10131,679,0.0510392344144378,129814,66,3,2,18920,19,12,Mortgage,Masters,Widowed,7,75680.0
10132,657,0.6724497697981313,193292,48,8,13,12113,9,1,Rent,Masters,Widowed,18,254373.0
10133,679,0.072270822793918,120217,67,2,7,16860,0,4,Own,Masters,Widowed,3,185460.0
10134,687,0.3584377784027343,162807,18,5,5,7599,12,18,Rent,High School,Widowed,8,144381.0
10135,514,0.4074474012817198,101149,87,2,4,7366,10,0,Rent,Masters,Widowed,18,58928.0
10136,395,0.2962248670284728,150464,20,9,14,1502,1,0,Mortgage,Masters,Single,1,9012.0
10137,404,0.54658268897434,129814,23,9,7,2756,3,9,Mortgage,Masters,Widowed,6,33072.0
10138,512,0.6588003202214213,110866,21,7,4,13093,8,27,Rent,High School,Widowed,6,209488.0
10139,487,0.0229432921798831,174632,18,3,12,6493,3,17,Mortgage,Masters,Widowed,23,45451.0
10140,651,0.0028473380773569,126191,23,1,9,4929,9,4,Rent,Bachelor,Widowed,17,9858.0
10141,810,0.8086970651067672,119374,20,9,2,17712,16,27,Rent,High School,Widowed,23,301104.0
10142,631,0.4608265633376861,97278,83,7,15,9849,3,3,Mortgage,Masters,Widowed,3,68943.0
10143,411,0.1383585991779318,136571,40,8,2,9397,8,16,Mortgage,Masters,Widowed,5,187940.0
10144,813,0.7461235327064653,142640,44,8,14,16233,8,2,Rent,Bachelor,Widowed,21,340893.0
10145,494,0.0844598721095752,146507,40,6,11,18899,3,7,Rent,Masters,Single,29,226788.0
10146,756,0.1174543903596171,164191,36,1,12,11592,9,20,Mortgage,Masters,Widowed,10,150696.0
10147,753,0.1635030062021988,192343,44,0,2,6009,4,19,Own,High School,Widowed,24,96144.0
10148,715,0.3698050016827771,192138,52,7,4,17162,5,13,Rent,Bachelor,Widowed,21,291754.0
10149,360,0.5646101440257894,147670,65,3,6,4515,6,0,Rent,High School,Widowed,0,27090.0
10150,360,0.8073829690487893,127298,26,6,1,14414,11,7,Rent,Masters,Married,5,187382.0
10151,831,0.6286036990276237,187831,84,4,11,15097,14,10,Rent,Bachelor,Widowed,12,211358.0
10152,371,0.0239515638528958,192378,47,7,13,9995,6,24,Rent,Masters,Divorced,3,59970.0
10153,607,0.0462426615814687,35180,38,1,13,5987,9,9,Rent,PhD,Widowed,27,125727.0
10154,709,0.8102256872524756,155533,24,6,13,7982,18,7,Rent,High School,Widowed,9,47892.0
10155,572,0.2577981836974148,147615,69,3,9,7563,16,0,Mortgage,High School,Widowed,5,83193.0
10156,688,0.151997321678352,189457,20,1,5,2523,4,6,Rent,Masters,Widowed,15,5046.0
10157,748,0.4259072557436287,136424,27,2,18,10196,3,14,Rent,High School,Widowed,7,193724.0
10158,497,0.1545799995199004,123035,70,6,0,15743,16,0,Own,High School,Widowed,22,330603.0
10159,473,0.0618212724908584,121031,86,2,12,3940,8,17,Rent,PhD,Widowed,25,82740.0
10160,711,0.9900958460068526,90685,41,6,2,16052,10,20,Mortgage,Masters,Widowed,18,353144.0
10161,814,0.3521964793472579,107569,85,9,12,8123,9,1,Mortgage,PhD,Widowed,1,73107.0
10162,650,0.5713359223208767,30875,39,6,6,17239,16,11,Rent,Masters,Widowed,28,155151.0
10163,716,0.0583208721253963,45827,66,7,5,3063,6,18,Mortgage,Masters,Widowed,9,30630.0
10164,528,0.5293203502780279,140418,18,8,2,15170,14,10,Mortgage,Masters,Widowed,7,75850.0
10165,823,0.1355284118545254,102880,19,7,1,16293,13,4,Mortgage,Masters,Married,4,179223.0
10166,721,0.1625430803759918,112352,86,9,13,5172,19,12,Rent,Masters,Widowed,13,25860.0
10167,619,0.184258016316259,160377,46,7,13,5510,14,0,Mortgage,PhD,Widowed,21,44080.0
10168,772,0.5731746099589573,197815,40,5,17,7415,2,5,Mortgage,Masters,Divorced,2,126055.0
10169,819,0.4474301088317997,97537,87,6,0,18339,5,5,Rent,PhD,Widowed,2,183390.0
10170,795,0.1277634655010125,92089,77,5,12,2408,5,2,Mortgage,High School,Widowed,5,43344.0
10171,476,0.1175787281226002,48644,85,8,14,6248,18,11,Rent,Masters,Widowed,28,62480.0
10172,593,0.6870703232691371,131742,50,9,3,13602,5,2,Mortgage,Bachelor,Divorced,3,108816.0
10173,711,0.6408934514424448,58609,39,9,12,2275,15,0,Mortgage,Masters,Widowed,3,40950.0
10174,434,0.1759786551346307,44099,29,9,16,4237,11,1,Rent,Masters,Divorced,12,33896.0
10175,341,0.6217287961680735,71256,20,5,12,13144,8,11,Rent,Masters,Widowed,11,52576.0
10176,450,0.4555702830204406,151767,51,7,8,17884,0,16,Mortgage,Masters,Widowed,23,250376.0
10177,661,0.7779421178978929,116010,39,2,10,17074,7,1,Rent,Masters,Widowed,25,341480.0
10178,394,0.2831273866778494,70172,23,7,12,17200,3,11,Rent,Masters,Divorced,14,275200.0
10179,634,0.20779749989589,154437,49,7,3,12546,11,1,Mortgage,High School,Widowed,5,100368.0
10180,736,0.1439651815228666,131655,51,7,4,14688,18,16,Own,High School,Widowed,18,102816.0
10181,693,0.7294703675380584,120163,33,7,18,13456,14,5,Rent,Masters,Widowed,7,282576.0
10182,519,0.2089682506967494,147145,70,4,5,10404,6,5,Mortgage,High School,Widowed,28,93636.0
10183,737,0.2113257559298536,124178,34,7,3,5617,15,3,Own,Masters,Single,4,101106.0
10184,471,0.297939523416009,156132,75,7,0,19199,6,7,Rent,Masters,Widowed,9,95995.0
10185,760,0.3217756745643169,173914,33,6,1,8116,6,20,Mortgage,High School,Married,3,89276.0
10186,592,0.5903918051422958,174126,58,5,2,3106,0,5,Rent,High School,Widowed,29,27954.0
10187,334,0.5785175541366961,90593,33,9,7,19658,11,16,Mortgage,High School,Divorced,1,393160.0
10188,796,0.6159973541892168,135842,76,8,5,14570,0,0,Rent,Masters,Widowed,2,131130.0
10189,786,0.6958342706566649,52964,71,8,0,12191,0,3,Mortgage,Bachelor,Widowed,12,134101.0
10190,760,0.8649827758893479,119239,57,7,3,1904,15,24,Mortgage,High School,Widowed,14,24752.0
10191,788,0.7623816209011908,152750,79,3,4,14005,4,22,Rent,High School,Widowed,3,252090.0
10192,564,0.1532577727424211,168856,63,7,17,14852,0,21,Rent,Bachelor,Widowed,1,207928.0
10193,622,0.1733197371964518,111795,40,3,13,16768,18,3,Own,High School,Widowed,7,335360.0
10194,416,0.3605937521902492,123020,35,8,8,1902,16,24,Mortgage,Masters,Divorced,0,13314.0
10195,508,0.1305910340607129,133855,64,5,6,17133,3,20,Mortgage,High School,Divorced,5,359793.0
10196,728,0.5565254453360942,154676,46,5,8,2861,0,5,Rent,Masters,Single,0,54359.0
10197,746,0.3536187516906793,190659,48,1,4,2587,1,11,Rent,PhD,Widowed,20,38805.0
10198,649,0.0595246310253291,58445,40,5,4,13099,8,15,Rent,Masters,Widowed,19,78594.0
10199,705,0.0168975655776311,102048,23,4,17,5393,4,24,Mortgage,Bachelor,Widowed,2,26965.0
10200,740,0.0467685176867961,141130,42,6,14,18933,0,5,Mortgage,Masters,Single,22,170397.0
10201,752,0.2404791160931102,160053,65,5,18,17595,10,2,Mortgage,High School,Widowed,13,351900.0
10202,376,0.1490869420817322,115618,72,9,2,5550,5,8,Rent,Masters,Widowed,9,77700.0
10203,843,0.1835905515897345,187047,28,0,5,11746,0,11,Mortgage,High School,Widowed,9,105714.0
10204,745,0.0494042141558158,98822,23,1,3,4088,8,0,Mortgage,Masters,Divorced,2,81760.0
10205,775,0.2383484227222302,190759,79,5,10,13717,15,19,Rent,High School,Widowed,24,68585.0
10206,743,0.040181944387686,58976,75,1,8,9961,18,3,Rent,Masters,Widowed,0,199220.0
10207,427,0.7302881052912785,170656,24,8,6,19758,2,0,Mortgage,Masters,Widowed,10,355644.0
10208,698,0.871234973791143,145527,39,9,17,7116,9,0,Mortgage,Masters,Widowed,9,92508.0
10209,539,0.0748321606731531,198003,52,2,7,16458,7,26,Rent,High School,Widowed,17,213954.0
10210,469,0.1013655812020063,146462,24,1,4,10328,8,1,Own,High School,Widowed,8,41312.0
10211,644,0.8336198521287846,153423,19,5,5,18795,11,3,Own,Bachelor,Widowed,2,319515.0
10212,729,0.0197290388920994,190188,20,2,2,8277,4,25,Rent,Bachelor,Widowed,1,140709.0
10213,304,0.3168016655489973,133478,33,5,0,18932,12,10,Rent,Masters,Widowed,17,132524.0
10214,599,0.0200965318117612,103378,56,7,6,16593,2,8,Rent,Masters,Widowed,21,232302.0
10215,335,0.3217742275369692,55202,47,7,10,8546,13,1,Own,Masters,Widowed,26,25638.0
10216,334,0.124052567483076,74097,30,1,7,3503,13,1,Mortgage,Masters,Widowed,25,49042.0
10217,436,0.1557390515531751,161835,58,4,5,14847,11,10,Rent,Masters,Widowed,15,326634.0
10218,606,0.3401899398898085,52429,18,5,14,7747,5,23,Mortgage,Masters,Widowed,24,92964.0
10219,651,0.7589173919333791,174830,34,1,13,7449,16,3,Rent,Masters,Widowed,12,89388.0
10220,754,0.5791047931272553,49710,30,5,18,11591,4,0,Rent,High School,Widowed,26,162274.0
10221,790,0.6130854293459328,189700,22,8,0,19802,14,4,Own,High School,Divorced,17,336634.0
10222,605,0.7679188530318832,83875,30,7,5,19966,9,16,Mortgage,Masters,Divorced,14,119796.0
10223,602,0.086176938949656,40201,62,2,4,10461,14,17,Rent,PhD,Widowed,26,177837.0
10224,688,0.5854493305971693,163194,77,7,13,17797,0,16,Rent,Masters,Divorced,12,177970.0
10225,464,0.3140672498628394,67121,32,6,2,19996,7,6,Own,High School,Widowed,0,59988.0
10226,573,0.0523907134679125,154458,87,7,8,15797,13,19,Rent,High School,Widowed,22,347534.0
10227,812,0.134163542879926,178430,58,1,15,11114,12,1,Rent,Masters,Married,19,188938.0
10228,450,0.2887101010016728,62751,37,7,16,14499,3,5,Rent,Masters,Divorced,10,188487.0
10229,620,0.2432719596508283,93652,41,7,8,16840,8,0,Own,Masters,Widowed,25,303120.0
10230,848,0.4981480110910429,79906,49,9,12,11115,0,13,Mortgage,High School,Widowed,19,166725.0
10231,389,0.0055430554174351,109989,29,1,7,11823,0,6,Rent,PhD,Widowed,11,94584.0
10232,687,0.0100537815322148,45731,83,9,8,9980,6,15,Mortgage,High School,Divorced,17,219560.0
10233,723,0.0338657160043183,135677,26,7,15,17032,5,9,Rent,Masters,Single,5,102192.0
10234,549,0.2242372511827679,46160,39,1,7,16155,17,28,Rent,High School,Widowed,0,306945.0
10235,618,0.3062890566535652,119727,22,7,3,11377,16,1,Own,Masters,Divorced,7,136524.0
10236,428,0.0057328711865133,36428,26,9,1,18769,6,16,Mortgage,PhD,Widowed,4,225228.0
10237,600,0.5470288090504996,137391,30,7,5,15567,3,5,Mortgage,PhD,Widowed,15,124536.0
10238,794,0.3963312984953296,54659,63,4,11,4939,15,4,Rent,Masters,Widowed,0,103719.0
10239,699,0.0293933802581365,166213,58,4,10,5207,6,27,Mortgage,Masters,Widowed,10,15621.0
10240,586,0.2852236814345428,124812,20,4,6,6719,5,11,Rent,Masters,Divorced,9,60471.0
10241,847,0.2422963109980096,180024,62,7,0,18804,18,20,Mortgage,Bachelor,Widowed,12,319668.0
10242,497,0.2985188036367109,25837,21,3,15,8395,17,2,Own,High School,Widowed,15,50370.0
10243,621,0.2853733611432638,59583,54,4,13,2431,2,27,Rent,High School,Widowed,27,7293.0
10244,584,0.5705493818963653,52351,28,8,0,5656,19,4,Rent,Masters,Widowed,17,79184.0
10245,663,0.415327659119812,97153,70,9,5,8073,1,4,Mortgage,High School,Widowed,1,88803.0
10246,837,0.477704897053835,173255,32,5,6,12952,12,0,Own,Masters,Single,24,168376.0
10247,400,0.1448341194504039,183026,22,6,0,3565,0,10,Rent,High School,Single,2,10695.0
10248,734,0.1090103980199349,133521,39,7,17,11012,9,8,Own,Bachelor,Widowed,12,198216.0
10249,359,0.1844125486708624,76640,51,7,7,1232,5,10,Rent,Bachelor,Widowed,12,14784.0
10250,423,0.5212078717097506,125817,43,8,5,1417,3,11,Rent,Masters,Divorced,8,31174.0
10251,771,0.2675236157267554,28658,32,6,0,2247,0,4,Mortgage,Bachelor,Widowed,13,17976.0
10252,706,0.0782982656992204,176352,37,9,9,7267,6,6,Rent,Masters,Widowed,12,101738.0
10253,583,0.0528437273935195,156845,66,8,17,15116,2,23,Mortgage,High School,Divorced,21,151160.0
10254,485,0.0369355776731783,153860,24,4,4,16247,15,13,Rent,Masters,Single,3,341187.0
10255,431,0.4193409869019321,194172,19,5,8,14735,12,3,Mortgage,Masters,Single,7,73675.0
10256,824,0.1824631171091156,28144,18,6,2,6485,15,14,Mortgage,Masters,Widowed,27,136185.0
10257,785,0.0764755925927231,106513,28,8,4,4999,2,10,Rent,High School,Divorced,2,74985.0
10258,698,0.1399919925844149,79238,56,2,6,9158,8,8,Rent,Masters,Divorced,3,201476.0
10259,532,0.1210756219265292,157747,60,1,11,9747,16,14,Rent,Masters,Widowed,18,58482.0
10260,306,0.034708346800464,23143,35,9,1,17207,9,2,Mortgage,Masters,Single,24,258105.0
10261,686,0.2899902964134593,48129,33,4,14,14949,10,13,Mortgage,Masters,Widowed,14,209286.0
10262,779,0.5002292854773249,162227,54,4,1,2649,3,13,Rent,PhD,Widowed,26,37086.0
10263,325,0.4629941240225709,88452,35,2,19,10708,9,6,Rent,Masters,Widowed,19,128496.0
10264,790,0.9509191792383628,111013,36,6,4,19100,1,6,Rent,Masters,Widowed,29,191000.0
10265,554,0.5223320998743571,62723,26,7,11,19378,15,8,Rent,Masters,Widowed,25,116268.0
10266,629,0.1842307187695989,146446,79,3,1,12850,2,3,Rent,Bachelor,Widowed,10,218450.0
10267,602,0.0363398469553477,73493,30,9,9,9299,5,26,Mortgage,High School,Divorced,23,158083.0
10268,668,0.6065325507608454,189931,42,9,12,16179,9,4,Mortgage,Masters,Single,9,275043.0
10269,462,0.0052166483844642,105162,49,4,1,8531,17,7,Mortgage,High School,Divorced,12,145027.0
10270,467,0.2467323446416398,103150,86,2,16,12440,1,17,Rent,High School,Widowed,7,74640.0
10271,305,0.2155879584241495,195534,41,6,1,17979,9,9,Mortgage,Masters,Single,3,323622.0
10272,681,0.4068287311586744,192405,66,6,4,16605,18,9,Rent,Masters,Widowed,29,332100.0
10273,645,0.1793771367777925,180025,87,3,8,2598,7,0,Rent,High School,Single,2,20784.0
10274,422,0.1634206407947178,169317,76,3,2,5447,9,6,Rent,High School,Divorced,4,49023.0
10275,620,0.5660500594918558,156188,30,6,5,19669,13,11,Mortgage,High School,Divorced,12,118014.0
10276,753,0.0903068722426763,106445,62,8,8,15416,17,14,Rent,High School,Widowed,29,308320.0
10277,592,0.2790227696389956,110757,63,4,5,16964,9,3,Own,High School,Widowed,12,322316.0
10278,567,0.2559246404543662,85410,50,9,8,4428,1,3,Mortgage,Masters,Widowed,19,22140.0
10279,798,0.4010397382844137,145994,79,5,13,4744,14,16,Rent,Masters,Widowed,24,61672.0
10280,538,0.3351492976920408,185890,33,3,14,11931,5,20,Rent,Masters,Divorced,19,143172.0
10281,456,0.6654825385766813,24035,62,8,12,13943,12,2,Mortgage,Masters,Widowed,17,181259.0
10282,832,0.1479096541977698,75171,48,1,4,17878,3,9,Mortgage,Masters,Widowed,2,214536.0
10283,744,0.0544513613368576,105274,48,8,19,11913,14,0,Mortgage,Bachelor,Widowed,10,214434.0
10284,701,0.4191700712727865,154105,58,1,11,9667,18,20,Rent,High School,Widowed,12,67669.0
10285,764,0.0782403539268384,55324,47,2,1,5587,0,13,Rent,Masters,Widowed,9,39109.0
10286,653,0.2319556739092905,94842,19,8,7,6384,0,9,Own,High School,Widowed,18,19152.0
10287,636,0.8734768729600114,170582,25,9,4,10600,7,14,Own,Masters,Widowed,29,159000.0
10288,433,0.1688087051199935,82115,41,1,2,4215,0,2,Rent,High School,Widowed,9,29505.0
10289,672,0.4376393147037211,107626,73,7,11,2338,7,29,Rent,High School,Widowed,16,32732.0
10290,628,0.5035325362823829,146487,44,6,8,15976,8,3,Mortgage,High School,Widowed,24,239640.0
10291,639,0.2644662232566083,189286,83,6,9,13930,10,18,Rent,PhD,Widowed,18,139300.0
10292,809,0.1338588718714854,91998,71,9,13,2522,19,8,Mortgage,Masters,Widowed,24,25220.0
10293,844,0.3598776358162916,90596,30,3,1,9498,6,3,Mortgage,PhD,Widowed,18,132972.0
10294,444,0.1755000315825896,119635,31,8,18,9316,15,9,Rent,Masters,Single,6,111792.0
10295,738,0.080570550663289,182961,67,3,19,9519,0,15,Own,High School,Widowed,25,142785.0
10296,840,0.5544802484403546,127341,54,6,14,1956,17,9,Rent,Masters,Widowed,7,15648.0
10297,634,0.0505455828433781,121007,39,1,18,8216,8,9,Rent,Masters,Married,22,123240.0
10298,687,0.700546388159266,163393,47,3,14,17745,0,19,Rent,Masters,Widowed,2,35490.0
10299,634,0.2090041349227677,51862,81,3,9,19764,4,12,Rent,High School,Widowed,11,59292.0
10300,637,0.2429698898006356,77744,40,0,16,12342,14,26,Rent,High School,Widowed,12,209814.0
10301,642,0.2354277362720596,194192,30,8,1,19938,4,14,Own,High School,Widowed,3,79752.0
10302,840,0.5949714265260786,107324,54,9,0,6005,9,19,Rent,High School,Widowed,18,24020.0
10303,416,0.2425829784295629,195093,37,9,15,14806,4,9,Rent,Masters,Married,7,177672.0
10304,635,0.0856592608686375,167079,30,6,3,17219,2,27,Own,Masters,Single,18,361599.0
10305,555,0.1691214188830544,62014,60,8,9,10136,6,19,Rent,Bachelor,Widowed,1,192584.0
10306,732,0.5293984852353579,48768,70,8,0,7419,1,6,Own,High School,Divorced,2,148380.0
10307,337,0.1314002807258232,57425,31,3,1,9737,2,0,Own,Masters,Widowed,22,165529.0
10308,843,0.4452381349989597,140410,22,2,13,4778,15,6,Mortgage,High School,Widowed,18,57336.0
10309,550,0.5062362143036565,34724,19,2,2,5521,18,16,Own,High School,Widowed,29,88336.0
10310,305,0.1282472368588418,27893,58,5,13,18253,13,11,Rent,Masters,Widowed,0,109518.0
10311,467,0.3633949091779618,110470,63,8,13,8012,14,11,Mortgage,High School,Widowed,16,32048.0
10312,711,0.6854185459638037,118712,37,5,8,9834,2,23,Mortgage,High School,Widowed,12,29502.0
10313,819,0.5280978502324892,111045,60,1,7,8794,1,9,Mortgage,Masters,Widowed,29,35176.0
10314,805,0.8401936117582732,160635,53,8,2,3170,5,7,Rent,Masters,Divorced,5,28530.0
10315,633,0.3282635270661861,70124,28,5,10,10999,16,25,Rent,Masters,Widowed,14,120989.0
10316,839,0.1312555743962757,187702,26,5,0,7869,8,9,Rent,High School,Widowed,5,78690.0
10317,784,0.3340513857630176,115060,51,7,4,14791,8,5,Rent,Masters,Widowed,2,266238.0
10318,575,0.1360806978430077,41682,57,9,8,7314,5,19,Rent,Masters,Widowed,26,36570.0
10319,699,0.3393965830051342,67016,60,0,16,19876,17,5,Rent,Masters,Widowed,8,178884.0
10320,622,0.4356757301904979,37232,36,7,8,11705,15,26,Rent,High School,Widowed,22,210690.0
10321,327,0.0554513622156525,70925,34,9,12,12727,8,21,Rent,Masters,Divorced,20,63635.0
10322,824,0.2249943339772819,170436,75,6,8,14624,0,22,Mortgage,PhD,Widowed,7,58496.0
10323,489,0.3531166693764014,158443,22,3,1,2325,2,24,Rent,Masters,Widowed,6,44175.0
10324,818,0.1994095749697837,140448,44,5,7,8848,0,20,Rent,Bachelor,Widowed,10,159264.0
10325,589,0.3243649883350969,55491,63,9,2,18281,3,12,Mortgage,Masters,Divorced,11,73124.0
10326,595,0.3843940142978892,159570,86,9,13,2176,9,11,Own,High School,Widowed,1,21760.0
10327,320,0.0635154122476121,25075,38,5,7,1196,6,19,Mortgage,High School,Divorced,18,23920.0
10328,776,0.4205209466448786,187973,30,7,4,5794,12,2,Own,High School,Single,8,52146.0
10329,693,0.0289397152384279,73684,59,4,0,12216,2,20,Mortgage,Bachelor,Widowed,9,146592.0
10330,673,0.1156196769667265,103261,60,6,14,15450,12,23,Mortgage,PhD,Widowed,23,339900.0
10331,752,0.9107685013972164,161136,83,6,9,2093,0,8,Rent,High School,Widowed,14,18837.0
10332,812,0.1439456911962903,179676,22,6,9,4680,16,3,Own,High School,Widowed,21,14040.0
10333,717,0.2133517951275785,168375,26,7,10,12300,3,12,Mortgage,Masters,Divorced,1,49200.0
10334,757,0.2950009614185732,64446,41,6,17,17197,0,25,Rent,Masters,Divorced,6,137576.0
10335,689,0.1310757171577732,189065,46,6,5,16745,2,2,Own,High School,Widowed,17,83725.0
10336,361,0.4580132006709969,73719,34,9,8,12459,14,8,Mortgage,Masters,Single,13,199344.0
10337,689,0.7491085505222805,91763,41,0,14,18966,2,13,Rent,Masters,Widowed,26,341388.0
10338,339,0.3131986925877645,49391,31,2,6,12798,16,2,Rent,Masters,Widowed,23,89586.0
10339,594,0.2031509206110281,186173,71,4,12,2905,10,22,Rent,High School,Widowed,15,46480.0
10340,665,0.3091467689118898,67639,48,8,0,17608,11,3,Rent,High School,Widowed,27,264120.0
10341,358,0.1193896787353502,20082,27,9,11,9768,8,3,Mortgage,Masters,Single,28,175824.0
10342,746,0.624298725215921,131712,26,7,4,13761,12,22,Mortgage,High School,Widowed,15,68805.0
10343,360,0.3694259521617492,26986,35,1,16,15809,15,6,Own,Masters,Widowed,20,237135.0
10344,662,0.9697327565869648,82873,60,5,12,16372,3,0,Rent,Masters,Widowed,29,163720.0
10345,788,0.132086510010329,164509,48,9,3,18185,3,27,Own,High School,Divorced,10,327330.0
10346,733,0.6008485431731359,47358,82,3,4,7755,18,0,Rent,Masters,Widowed,0,77550.0
10347,754,0.0630293168877644,93965,60,5,10,6016,14,6,Mortgage,High School,Widowed,25,66176.0
10348,752,0.3465111336855802,167417,29,7,14,14672,7,16,Rent,Masters,Widowed,12,176064.0
10349,357,0.3157768738939535,42046,72,7,2,17632,1,4,Rent,Masters,Married,19,123424.0
10350,793,0.0097820511345129,114747,22,8,14,9010,14,8,Mortgage,Masters,Widowed,7,99110.0
10351,592,0.3133704168418351,134371,87,3,3,4965,10,3,Rent,High School,Widowed,24,14895.0
10352,489,0.7347852103535717,166106,29,5,1,12358,1,5,Own,High School,Widowed,13,49432.0
10353,610,0.1558479624208305,198521,58,8,2,6973,10,27,Own,High School,Widowed,14,62757.0
10354,705,0.9545009762329432,140452,25,8,6,1230,13,3,Mortgage,Masters,Widowed,3,23370.0
10355,403,0.2724108326562175,55397,83,9,5,17172,13,12,Rent,Masters,Widowed,24,240408.0
10356,819,0.0886805457517706,42238,22,7,16,7821,8,9,Mortgage,Masters,Widowed,25,125136.0
10357,706,0.13563723321194,85407,42,3,18,6991,6,13,Rent,Masters,Divorced,25,34955.0
10358,837,0.0733632518599233,126944,81,0,8,9522,12,24,Mortgage,High School,Widowed,12,199962.0
10359,677,0.0550606114189681,153520,62,2,0,4286,10,7,Own,High School,Widowed,26,42860.0
10360,461,0.146540418776271,146019,80,7,10,12011,16,10,Rent,Masters,Widowed,2,240220.0
10361,537,0.9423241086041324,153501,31,4,9,6195,0,6,Rent,Masters,Widowed,12,117705.0
10362,846,0.3581438023186625,119864,83,2,15,10921,3,8,Mortgage,High School,Widowed,19,76447.0
10363,359,0.3398528298018389,38414,64,1,3,12573,4,1,Own,High School,Widowed,18,276606.0
10364,788,0.2717280667206765,69272,49,0,13,10955,19,2,Rent,Bachelor,Widowed,15,153370.0
10365,775,0.0690079143887099,105451,80,5,18,7393,8,8,Rent,Bachelor,Widowed,23,36965.0
10366,602,0.0470983346191057,169607,20,7,3,18166,8,22,Rent,High School,Divorced,2,36332.0
10367,368,0.1897681462107644,33679,68,8,12,4442,7,14,Own,High School,Widowed,25,84398.0
10368,566,0.670790723449354,60159,79,8,0,4333,11,9,Own,High School,Widowed,3,17332.0
10369,388,0.695752755764874,38135,24,9,5,16190,12,0,Mortgage,Masters,Widowed,11,145710.0
10370,823,0.6795955089566378,88531,43,0,6,6930,8,1,Rent,High School,Widowed,2,69300.0
10371,325,0.0230970829214485,159616,35,0,8,10418,5,2,Rent,High School,Married,1,104180.0
10372,544,0.4923780594332299,167232,47,8,5,1498,9,5,Mortgage,High School,Widowed,11,19474.0
10373,676,0.7687461088914361,143470,88,6,14,6802,1,4,Rent,Masters,Widowed,29,136040.0
10374,302,0.0437044908073318,139650,37,3,4,3110,11,1,Mortgage,High School,Widowed,2,9330.0
10375,592,0.3473893747923193,133062,76,9,6,3508,2,12,Own,High School,Widowed,23,38588.0
10376,714,0.0506244982948149,173873,66,8,19,15427,3,10,Rent,Masters,Single,6,339394.0
10377,723,0.170662140322539,198131,80,9,7,6491,2,7,Own,Masters,Widowed,16,103856.0
10378,673,0.669828871557815,199240,38,6,17,8518,18,9,Rent,Masters,Widowed,16,187396.0
10379,619,0.5487292934479051,166663,56,1,18,13956,12,8,Rent,Masters,Widowed,20,83736.0
10380,521,0.3676882929948928,35688,49,9,18,11774,2,16,Rent,Bachelor,Widowed,13,47096.0
10381,618,0.0788535791654737,154275,23,7,3,15374,12,13,Own,High School,Single,11,199862.0
10382,457,0.715356507712254,186305,35,8,3,5345,11,11,Own,Masters,Divorced,3,16035.0
10383,742,0.0535339647361408,172205,50,5,1,9460,4,14,Own,High School,Single,3,28380.0
10384,620,0.5448342068157916,137859,73,8,19,19687,2,5,Rent,Bachelor,Widowed,2,393740.0
10385,625,0.1421935834475235,143404,32,1,19,19648,18,29,Rent,High School,Divorced,9,353664.0
10386,404,0.1044173205943227,103177,59,5,0,11712,2,21,Mortgage,Masters,Divorced,12,35136.0
10387,801,0.0139318374822825,30096,45,8,5,5659,1,5,Own,Bachelor,Widowed,14,84885.0
10388,542,0.3766850037839215,126570,53,9,8,5770,3,3,Mortgage,Bachelor,Widowed,17,23080.0
10389,701,0.7228064957684504,33199,41,4,0,18482,14,15,Rent,Masters,Widowed,5,203302.0
10390,321,0.5652362855875587,175328,69,8,5,2710,2,3,Rent,High School,Widowed,3,21680.0
10391,685,0.0824550373179013,144717,74,2,10,3639,2,6,Rent,Masters,Widowed,12,65502.0
10392,613,0.6877086463600056,179610,45,6,3,18121,12,0,Own,Bachelor,Widowed,2,36242.0
10393,801,0.4473905516219166,148478,56,6,1,8689,13,19,Mortgage,Masters,Widowed,12,182469.0
10394,637,0.2287438531031993,45814,18,9,7,13199,13,20,Rent,Masters,Divorced,19,79194.0
10395,520,0.2086808625397562,153385,37,2,17,10059,4,2,Rent,Bachelor,Widowed,8,211239.0
10396,612,0.4530717550378198,198549,27,5,6,18512,4,7,Rent,Bachelor,Widowed,23,129584.0
10397,801,0.43759655483027,183990,78,2,3,2294,0,9,Mortgage,Masters,Widowed,10,22940.0
10398,767,0.1017008145038689,116797,28,1,19,1820,14,13,Own,High School,Widowed,9,14560.0
10399,492,0.0049150845358437,176047,88,7,17,15948,17,25,Rent,High School,Widowed,6,175428.0
10400,649,0.987810565520883,197456,26,3,14,17798,8,0,Rent,Masters,Married,3,284768.0
10401,520,0.1888088276974021,135647,66,9,1,1201,7,22,Mortgage,Masters,Widowed,0,21618.0
10402,651,0.3200879487025095,188602,21,0,5,9327,10,1,Own,High School,Widowed,16,93270.0
10403,561,0.0996613948076154,110920,47,7,12,6027,7,14,Rent,Bachelor,Widowed,15,114513.0
10404,727,0.7326348885542041,134553,36,8,5,18761,1,4,Rent,High School,Widowed,17,150088.0
10405,469,0.3803302849548945,199439,76,0,15,12949,11,0,Rent,High School,Widowed,22,246031.0
10406,321,0.0693688077061027,149819,59,3,2,15276,2,22,Rent,High School,Widowed,14,183312.0
10407,801,0.476629964059262,52494,54,8,16,4276,10,6,Rent,Masters,Widowed,13,89796.0
10408,555,0.3081751568844761,190839,35,0,0,18841,3,2,Rent,Bachelor,Widowed,16,131887.0
10409,608,0.325260265579451,158235,39,6,17,12932,7,12,Mortgage,High School,Widowed,26,258640.0
10410,794,0.0997293983346677,173812,48,1,14,10940,12,18,Rent,Masters,Divorced,4,240680.0
10411,584,0.5880569977396541,192285,83,0,18,10251,11,1,Rent,Masters,Widowed,5,30753.0
10412,640,0.4086727142235937,131423,58,7,10,9085,5,8,Mortgage,Masters,Widowed,5,72680.0
10413,303,0.8613875998646343,174493,47,6,10,16462,9,3,Rent,Masters,Widowed,8,296316.0
10414,530,0.4205341415836877,91911,58,8,3,9600,17,23,Rent,Masters,Widowed,2,28800.0
10415,638,0.0641897747089069,167499,36,4,19,15591,10,6,Rent,Masters,Single,28,124728.0
10416,414,0.6239517645685398,133942,19,6,6,9588,0,21,Rent,Masters,Widowed,3,105468.0
10417,696,0.1962340264032305,175484,24,9,10,11725,18,23,Mortgage,Masters,Widowed,4,105525.0
10418,847,0.1922198676214852,93323,48,9,19,19948,13,24,Own,High School,Widowed,7,398960.0
10419,808,0.7157447907213077,118001,41,8,16,15502,1,24,Rent,High School,Widowed,15,46506.0
10420,511,0.0589120793153926,185898,25,4,7,14730,5,27,Own,High School,Widowed,13,29460.0
10421,472,0.1823467604393172,60911,75,7,4,8148,19,5,Rent,High School,Divorced,1,179256.0
10422,765,0.7332235699058937,120949,32,0,16,6412,1,5,Rent,Masters,Widowed,8,38472.0
10423,835,0.2271956347642936,35396,26,0,2,3164,18,5,Own,High School,Widowed,22,47460.0
10424,760,0.2665507292335559,163940,67,9,16,5232,3,7,Rent,Masters,Single,9,94176.0
10425,731,0.535352560899012,194077,25,8,10,12225,5,17,Rent,Bachelor,Widowed,2,146700.0
10426,429,0.0423047590492118,99273,70,2,12,4142,14,2,Rent,Bachelor,Widowed,18,49704.0
10427,467,0.3127947004695703,36962,19,7,6,18994,2,13,Rent,Bachelor,Widowed,23,303904.0
10428,584,0.3391164299205945,62435,50,4,17,12443,7,29,Rent,High School,Widowed,1,186645.0
10429,838,0.2578750846458929,167276,55,3,14,13566,3,1,Own,PhD,Widowed,19,108528.0
10430,370,0.5285050241495974,158018,47,7,0,5802,2,25,Rent,Masters,Widowed,4,116040.0
10431,719,0.3442098467842418,65924,34,0,18,7295,10,6,Mortgage,High School,Widowed,17,102130.0
10432,612,0.0556065433935658,178092,73,7,17,11066,19,28,Mortgage,High School,Divorced,5,210254.0
10433,574,0.8946983304030193,181876,37,8,8,19442,10,15,Mortgage,Masters,Widowed,3,369398.0
10434,821,0.5152789463596866,184948,84,4,16,13499,8,11,Rent,Masters,Widowed,4,107992.0
10435,510,0.202391557288087,61438,46,8,2,10363,3,6,Rent,High School,Widowed,0,31089.0
10436,680,0.1486737019959365,142506,53,2,14,14411,11,14,Mortgage,Masters,Widowed,2,273809.0
10437,720,0.1760636648553372,22627,88,9,3,19383,7,19,Rent,High School,Widowed,18,310128.0
10438,669,0.3956242047355673,114668,20,3,0,17861,17,26,Rent,Masters,Widowed,9,214332.0
10439,442,0.0875082807925793,134982,72,9,4,12696,2,24,Mortgage,High School,Widowed,2,63480.0
10440,511,0.4080208932562498,52939,55,1,13,16954,8,10,Rent,High School,Widowed,8,254310.0
10441,428,0.0757836609080979,58773,40,7,16,9367,17,13,Rent,High School,Widowed,25,37468.0
10442,817,0.2555713286728738,90656,37,7,8,2929,6,5,Own,High School,Widowed,16,23432.0
10443,622,0.8214571809649666,183137,79,9,0,16624,6,16,Rent,PhD,Widowed,9,299232.0
10444,849,0.5704998247776613,83898,61,9,0,4220,6,20,Mortgage,High School,Widowed,11,59080.0
10445,635,0.1619979412698114,26160,67,2,19,18756,7,1,Mortgage,High School,Widowed,13,356364.0
10446,428,0.1860139320045956,28742,81,1,9,3099,6,14,Rent,Bachelor,Widowed,12,49584.0
10447,640,0.3957249514768005,188916,32,8,8,18580,16,24,Mortgage,High School,Divorced,0,111480.0
10448,786,0.9708317078714482,152925,30,7,11,15435,8,11,Own,High School,Widowed,5,61740.0
10449,533,0.4467076006471048,183013,46,4,7,8546,0,7,Own,Masters,Widowed,22,170920.0
10450,513,0.3392267913471234,143070,36,8,14,12355,2,29,Mortgage,Masters,Widowed,2,135905.0
10451,752,0.3706306140108935,173141,58,1,17,4485,4,3,Own,High School,Widowed,10,58305.0
10452,613,0.0748846351459066,38485,65,8,4,14241,10,26,Mortgage,High School,Divorced,8,85446.0
10453,762,0.2729592222611551,153774,51,7,13,19480,19,2,Rent,Bachelor,Widowed,2,214280.0
10454,312,0.0459664202330303,172088,36,5,7,15298,8,25,Own,High School,Widowed,7,91788.0
10455,330,0.1451933708683316,75579,47,9,7,10278,15,0,Rent,Bachelor,Widowed,19,30834.0
10456,829,0.9076652635821691,106044,39,2,0,10788,1,5,Mortgage,Bachelor,Widowed,3,97092.0
10457,789,0.3182993533668209,183353,65,8,15,14905,12,21,Rent,Masters,Widowed,18,163955.0
10458,692,0.3258314670592346,147584,59,5,3,4945,7,13,Rent,Bachelor,Widowed,9,93955.0
10459,623,0.1599591665905858,182712,88,3,3,14016,3,13,Rent,High School,Widowed,8,224256.0
10460,462,0.1042593793269222,79930,61,9,7,11404,1,16,Mortgage,High School,Divorced,10,125444.0
10461,501,0.5017199407682497,160401,23,7,4,7646,0,2,Rent,Masters,Widowed,0,99398.0
10462,517,0.376120864029865,140610,66,8,8,1824,3,11,Rent,Masters,Widowed,17,32832.0
10463,430,0.03663049224499,81557,33,6,10,17974,19,20,Rent,PhD,Widowed,28,125818.0
10464,314,0.1256563276895625,187985,72,8,7,8357,19,0,Rent,Masters,Widowed,14,41785.0
10465,814,0.391696261467287,24142,79,9,18,12964,12,3,Mortgage,PhD,Widowed,28,272244.0
10466,775,0.1682651069617942,165508,55,2,16,5515,13,6,Rent,High School,Widowed,16,82725.0
10467,544,0.3075676040901561,90183,21,5,0,6655,5,0,Rent,Bachelor,Widowed,19,19965.0
10468,645,0.0783655880854401,165933,31,0,2,12246,3,29,Rent,Masters,Widowed,28,122460.0
10469,696,0.9580919372268836,184263,40,6,7,16973,6,0,Mortgage,Masters,Widowed,2,288541.0
10470,414,0.6054892077909041,78667,19,7,6,14933,7,26,Rent,Masters,Divorced,12,104531.0
10471,486,0.4235794271146672,147431,41,5,0,19849,0,3,Rent,Masters,Widowed,15,416829.0
10472,847,0.419592782867402,116297,39,2,10,9046,18,2,Rent,High School,Widowed,13,63322.0
10473,474,0.5504136143312379,41810,83,9,5,3696,3,12,Mortgage,Masters,Divorced,2,44352.0
10474,625,0.0435115177983643,199961,37,6,16,11121,3,20,Rent,High School,Widowed,26,88968.0
10475,745,0.3645371073133077,171966,30,7,7,1119,7,15,Rent,PhD,Widowed,16,17904.0
10476,387,0.3435455705716628,41722,65,7,2,13363,12,13,Own,High School,Widowed,15,120267.0
10477,630,0.3761492482672369,179064,68,4,7,16972,15,7,Rent,PhD,Widowed,13,169720.0
10478,340,0.1214593428231359,60358,20,8,7,14226,3,23,Mortgage,PhD,Widowed,5,284520.0
10479,822,0.2232215364283806,27231,18,5,16,1580,19,7,Mortgage,Masters,Widowed,27,17380.0
10480,592,0.0290148340207432,153738,27,8,19,17464,1,12,Mortgage,Masters,Divorced,16,34928.0
10481,670,0.0522633494078488,195919,23,1,1,4717,14,11,Rent,Masters,Widowed,12,70755.0
10482,456,0.4477119889798555,142230,57,6,11,5093,13,0,Rent,PhD,Widowed,9,101860.0
10483,755,0.3542275843996244,91415,35,8,11,1028,7,7,Mortgage,High School,Widowed,2,21588.0
10484,608,0.3076053370191632,187117,75,4,5,5751,0,22,Rent,PhD,Widowed,15,34506.0
10485,799,0.3299628256966038,133611,39,4,0,17374,18,0,Mortgage,PhD,Widowed,18,330106.0
10486,763,0.8567479263761084,73811,35,5,8,2519,6,3,Mortgage,High School,Widowed,6,32747.0
10487,575,0.452241748992396,192713,69,9,2,2165,9,14,Rent,PhD,Widowed,1,34640.0
10488,615,0.2644375407043089,98089,43,8,18,16781,9,20,Rent,High School,Widowed,17,117467.0
10489,810,0.2822730588402211,183055,39,6,1,13323,9,26,Rent,Bachelor,Widowed,9,159876.0
10490,709,0.4031293630201568,53502,19,6,1,3981,10,6,Rent,Masters,Widowed,13,79620.0
10491,649,0.6610336724687379,25165,48,1,0,19885,2,7,Rent,Masters,Widowed,26,198850.0
10492,780,0.807178881407125,129076,54,3,0,8165,6,13,Mortgage,PhD,Widowed,3,73485.0
10493,347,0.5801545784362885,98123,46,0,2,14597,4,9,Own,Masters,Widowed,1,291940.0
10494,607,0.4530177676586214,92500,25,1,12,3858,2,8,Mortgage,Masters,Widowed,27,15432.0
10495,768,0.3809735185352767,49098,62,9,2,18593,17,9,Mortgage,Masters,Widowed,1,278895.0
10496,843,0.799434513340952,73289,27,2,3,7782,6,24,Mortgage,High School,Widowed,14,54474.0
10497,601,0.0523873633325491,145658,20,2,11,15440,16,0,Own,PhD,Widowed,25,185280.0
10498,823,0.9427052632296808,189487,78,5,0,10108,7,4,Own,High School,Widowed,19,30324.0
10499,523,0.6441241182917177,36313,88,5,5,11522,6,3,Rent,Masters,Widowed,0,57610.0
10500,344,0.0458331574176044,141480,54,1,13,17097,5,6,Rent,PhD,Widowed,2,239358.0
10501,805,0.3088085006308002,102312,52,8,2,19183,6,19,Rent,Masters,Widowed,8,191830.0
10502,378,0.0949633328790051,46164,44,8,2,15078,9,10,Mortgage,High School,Widowed,23,211092.0
10503,613,0.1704644939280047,109993,56,8,7,15674,14,26,Mortgage,PhD,Widowed,8,172414.0
10504,328,0.0184392065117181,57687,18,5,12,15821,1,7,Rent,Masters,Married,1,332241.0
10505,483,0.367783522662556,105987,54,7,5,9723,2,8,Mortgage,Bachelor,Widowed,0,29169.0
10506,738,0.9423344712801478,171796,20,4,4,16230,7,15,Mortgage,Masters,Divorced,6,308370.0
10507,395,0.0846403236879408,186695,28,8,10,13528,9,2,Mortgage,High School,Widowed,23,229976.0
10508,628,0.4266961077553842,51882,60,5,11,13701,18,8,Rent,High School,Widowed,18,41103.0
10509,848,0.080624164261346,43360,51,1,4,11753,9,7,Mortgage,Masters,Widowed,7,58765.0
10510,785,0.7145127606062892,36844,35,6,1,12047,2,5,Mortgage,Masters,Married,1,156611.0
10511,452,0.1608831844538335,196720,53,1,11,5424,6,6,Rent,Masters,Single,1,21696.0
10512,701,0.2412979534521443,165954,34,7,10,9220,4,11,Rent,Masters,Single,16,147520.0
10513,633,0.0860286765782031,163403,50,5,7,12492,12,10,Own,High School,Widowed,14,99936.0
10514,643,0.063198229218418,189524,52,4,4,19212,8,12,Rent,High School,Widowed,16,57636.0
10515,642,0.0409356004450407,138830,89,3,2,10149,7,3,Rent,High School,Single,7,121788.0
10516,666,0.7424561960169651,100445,43,2,0,7156,7,15,Rent,Masters,Widowed,11,128808.0
10517,476,0.3394912449545458,163232,56,8,4,14849,2,1,Own,Masters,Married,10,282131.0
10518,508,0.0749217234274033,77249,43,6,8,12700,5,24,Rent,High School,Widowed,26,177800.0
10519,400,0.7341341798508386,80454,41,5,8,7539,0,5,Own,Masters,Widowed,14,37695.0
10520,394,0.9984248043708424,198561,53,7,3,5111,9,0,Rent,Masters,Widowed,19,51110.0
10521,346,0.5699676778494611,140858,42,2,10,18564,8,0,Rent,Masters,Widowed,2,315588.0
10522,512,0.5385383751378383,190159,29,7,4,18974,9,11,Own,Masters,Single,4,189740.0
10523,638,0.0239578485347302,150754,47,6,5,9509,18,9,Rent,PhD,Widowed,18,76072.0
10524,482,0.0029833085295419,188934,27,0,3,18186,11,10,Mortgage,High School,Widowed,8,254604.0
10525,828,0.4005391270726717,72599,47,8,4,9229,9,24,Rent,Masters,Widowed,23,184580.0
10526,559,0.5811592951550808,50475,32,4,7,5716,10,13,Mortgage,High School,Widowed,11,22864.0
10527,830,0.0059210069550881,138881,69,9,7,16661,16,0,Rent,Masters,Widowed,7,216593.0
10528,841,0.9142335248220712,195700,47,6,0,9029,19,13,Rent,PhD,Widowed,12,198638.0
10529,748,0.6566794486081912,106575,52,9,16,9168,1,17,Rent,High School,Widowed,6,165024.0
10530,438,0.4300923511624034,95260,48,7,5,11358,8,10,Mortgage,Masters,Widowed,20,215802.0
10531,457,0.2514426894088869,33195,22,8,15,11980,19,21,Mortgage,Masters,Widowed,13,251580.0
10532,430,0.3158641945913071,66071,54,6,13,14576,1,1,Mortgage,Bachelor,Widowed,8,116608.0
10533,816,0.1381488608216394,46212,53,2,14,1904,12,1,Rent,PhD,Widowed,2,34272.0
10534,703,0.5038858155428152,32008,51,8,5,9428,14,7,Mortgage,High School,Divorced,4,188560.0
10535,821,0.3228883985638644,120542,31,5,5,9270,0,10,Mortgage,High School,Widowed,2,101970.0
10536,776,0.2020625843857598,133893,30,8,13,1002,1,1,Own,PhD,Widowed,8,19038.0
10537,443,0.4556989580406669,165866,27,7,4,12699,11,15,Mortgage,Masters,Widowed,1,279378.0
10538,623,0.0911494364382414,145853,69,6,17,16284,15,8,Rent,Masters,Divorced,4,211692.0
10539,790,0.6852299357703203,57341,39,8,10,5575,17,3,Mortgage,Masters,Widowed,23,50175.0
10540,831,0.5300079773488741,151557,51,5,2,11612,12,0,Mortgage,Masters,Single,5,209016.0
10541,500,0.2729408831857849,74560,45,6,10,19986,5,0,Mortgage,Masters,Widowed,27,139902.0
10542,610,0.0316418357069847,149486,80,7,18,19506,2,23,Mortgage,PhD,Widowed,20,312096.0
10543,846,0.5172984919580395,73297,21,7,1,14699,15,28,Rent,High School,Widowed,5,29398.0
10544,629,0.000978905216039,157295,64,3,19,18559,13,19,Rent,Bachelor,Widowed,28,111354.0
10545,756,0.3441805276151312,191206,54,5,3,11030,11,25,Own,High School,Widowed,1,220600.0
10546,602,0.1057612448196352,162760,19,3,11,17062,10,16,Rent,High School,Widowed,14,358302.0
10547,835,0.5114538931771041,94494,87,9,7,1507,11,16,Mortgage,Masters,Widowed,3,31647.0
10548,723,0.3342295505632138,45244,73,1,12,7180,11,2,Mortgage,Masters,Widowed,26,150780.0
10549,801,0.4663012547905222,162334,60,9,2,17119,5,3,Rent,Masters,Widowed,3,85595.0
10550,700,0.3049420887715691,192942,57,5,6,19318,9,4,Own,Bachelor,Widowed,17,289770.0
10551,707,0.6143429452743533,67763,87,8,13,10834,12,18,Mortgage,High School,Widowed,4,216680.0
10552,343,0.1823343003789693,81696,73,1,5,4275,6,7,Rent,High School,Widowed,12,21375.0
10553,799,0.5880413950416942,111170,21,8,2,13792,0,2,Rent,High School,Single,5,179296.0
10554,671,0.7247466443598227,123890,38,8,5,9637,9,10,Rent,Bachelor,Widowed,13,154192.0
10555,419,0.51870198091437,42461,70,7,4,14948,12,11,Rent,High School,Widowed,4,44844.0
10556,600,0.2254703978711033,129173,30,7,4,4388,6,6,Mortgage,Masters,Widowed,12,35104.0
10557,409,0.1783743279508,166116,45,9,17,11378,2,1,Own,Masters,Divorced,19,68268.0
10558,342,0.3957078384024587,84621,21,7,8,11423,17,17,Own,High School,Widowed,2,205614.0
10559,589,0.0706665152847044,138136,47,1,5,4641,4,6,Rent,Masters,Single,20,92820.0
10560,654,0.545530426244994,164434,38,3,6,6219,8,9,Rent,High School,Widowed,24,55971.0
10561,514,0.5480127700997192,87013,56,8,1,19233,0,18,Mortgage,Masters,Widowed,10,307728.0
10562,756,0.5065503740216921,41431,21,6,13,8177,6,5,Rent,Bachelor,Widowed,12,65416.0
10563,776,0.1205269819884038,196194,19,0,16,9784,3,8,Mortgage,Masters,Single,9,117408.0
10564,846,0.7948340304645334,168784,84,9,12,12484,10,1,Rent,Masters,Widowed,20,137324.0
10565,610,0.0307987569665977,99531,20,3,5,18397,11,25,Own,High School,Widowed,21,202367.0
10566,827,0.675497531820947,121376,49,2,9,19981,2,7,Own,Bachelor,Widowed,7,159848.0
10567,513,0.1108475270909515,39412,46,5,2,19522,19,22,Rent,High School,Widowed,5,234264.0
10568,383,0.0353947763643234,195950,59,9,9,11432,15,5,Own,Bachelor,Widowed,4,114320.0
10569,795,0.3051574133412776,185612,25,4,1,6840,11,16,Mortgage,PhD,Widowed,0,13680.0
10570,340,0.0643217953765915,130021,66,5,13,1542,13,16,Rent,Masters,Widowed,2,9252.0
10571,454,0.0968964906609396,115564,65,4,10,10321,19,1,Rent,PhD,Widowed,22,206420.0
10572,527,0.4339670380950413,31698,31,1,10,9567,1,18,Mortgage,Masters,Widowed,28,172206.0
10573,706,0.0610185524691601,121951,21,9,19,12524,10,0,Own,Masters,Divorced,22,175336.0
10574,730,0.3306936041587797,125957,48,8,15,3534,15,4,Mortgage,High School,Widowed,9,14136.0
10575,793,0.0039014306400165,55108,20,7,2,7920,8,8,Rent,Masters,Widowed,11,150480.0
10576,686,0.3412209631575041,133256,85,5,7,10995,7,0,Rent,High School,Widowed,6,208905.0
10577,441,0.0817357349689327,72179,81,4,5,8372,10,2,Own,Masters,Widowed,29,33488.0
10578,445,0.0591816075489166,133106,36,9,11,15758,4,29,Mortgage,High School,Married,0,220612.0
10579,518,0.2947291317133894,147171,39,7,2,19706,10,19,Own,High School,Widowed,6,275884.0
10580,681,0.0053833675301241,117986,62,9,6,15396,10,14,Rent,Masters,Single,4,107772.0
10581,773,0.6940694608273539,68421,51,8,6,19944,4,10,Mortgage,Masters,Widowed,20,418824.0
10582,836,0.0711636263308441,68966,72,5,16,3871,3,14,Rent,Masters,Widowed,14,77420.0
10583,605,0.2607552145751436,143833,57,9,13,1581,5,28,Mortgage,High School,Widowed,21,25296.0
10584,615,0.373610929425387,140124,52,9,13,13489,14,15,Mortgage,High School,Divorced,4,202335.0
10585,656,0.1767977257281238,60195,52,5,18,2900,13,6,Own,Masters,Widowed,28,14500.0
10586,494,0.3890419651705215,116587,69,5,1,13841,4,3,Rent,High School,Widowed,27,27682.0
10587,667,0.1913946339245955,142657,20,4,7,14115,9,29,Mortgage,High School,Widowed,10,197610.0
10588,342,0.1054784713284142,42003,40,9,18,12538,11,11,Mortgage,High School,Widowed,28,188070.0
10589,778,0.1443315945834843,24038,50,8,12,8502,4,13,Mortgage,Bachelor,Widowed,9,76518.0
10590,768,0.3395370107296782,183506,35,7,2,13233,19,9,Mortgage,Masters,Single,9,198495.0
10591,591,0.2551236190817538,153525,36,6,14,11963,9,20,Rent,Masters,Single,13,59815.0
10592,476,0.522878415196781,126302,45,7,2,5844,9,5,Mortgage,Masters,Married,13,17532.0
10593,373,0.0076191411055727,151744,29,4,11,15067,5,6,Mortgage,High School,Divorced,21,105469.0
10594,682,0.6159132374710089,184394,51,4,16,12936,15,19,Rent,Masters,Widowed,9,142296.0
10595,716,0.4040380962061326,32238,59,6,3,2253,14,12,Mortgage,Masters,Widowed,14,24783.0
10596,384,0.0682883542441419,170091,35,6,12,7889,17,3,Rent,Masters,Widowed,13,157780.0
10597,469,0.3406079265753132,20506,18,9,7,7474,10,9,Own,Masters,Widowed,17,142006.0
10598,740,0.1616064845279894,65728,86,2,10,11072,0,20,Mortgage,High School,Widowed,19,99648.0
10599,808,0.9201651673755444,73483,85,6,8,19963,9,19,Rent,Masters,Widowed,15,79852.0
10600,663,0.4045052791216338,149432,24,7,11,17967,12,5,Mortgage,Masters,Widowed,25,359340.0
10601,569,0.2050665381411165,148515,79,5,2,17060,16,5,Own,High School,Widowed,17,34120.0
10602,825,0.0118108928939217,156280,32,7,15,13898,2,5,Rent,Masters,Married,16,55592.0
10603,530,0.1588124170371238,181308,27,3,2,10827,2,2,Mortgage,PhD,Widowed,16,162405.0
10604,342,0.5066580554219364,88205,76,9,0,18491,4,8,Mortgage,Masters,Married,4,314347.0
10605,509,0.2990805894895557,66539,29,8,12,6581,8,16,Rent,High School,Widowed,4,92134.0
10606,369,0.4993985554940492,188224,29,9,6,4500,14,11,Mortgage,PhD,Widowed,16,27000.0
10607,315,0.3282100007475051,93969,68,6,14,8463,8,3,Rent,Masters,Widowed,17,76167.0
10608,816,0.0197014848141799,39420,39,4,0,14842,11,0,Mortgage,High School,Divorced,0,163262.0
10609,788,0.2642288684235537,155855,64,6,18,14029,18,28,Rent,PhD,Widowed,20,84174.0
10610,788,0.3270287441360874,112471,69,6,6,10722,9,13,Rent,Bachelor,Widowed,7,32166.0
10611,845,0.714521585883191,164712,74,4,8,14618,2,2,Mortgage,PhD,Widowed,26,58472.0
10612,468,0.1032055315585351,101774,54,8,0,18716,1,13,Mortgage,High School,Married,11,393036.0
10613,520,0.6667586792842704,125328,35,9,12,4925,0,17,Mortgage,Masters,Widowed,2,64025.0
10614,527,0.6261686101904994,32575,23,3,5,10828,4,19,Mortgage,Masters,Widowed,6,184076.0
10615,529,0.8869655201839232,125708,50,7,1,9580,3,29,Rent,Masters,Widowed,1,38320.0
10616,607,0.7095966438958848,173714,42,8,18,18839,13,11,Mortgage,High School,Widowed,5,357941.0
10617,649,0.0576188726729181,121888,83,9,14,19149,11,25,Rent,High School,Widowed,2,76596.0
10618,830,0.761317553499829,144466,28,9,17,17307,4,4,Rent,Bachelor,Widowed,17,328833.0
10619,398,0.3074737861964793,177864,37,3,14,11634,8,15,Rent,Masters,Widowed,4,162876.0
10620,668,0.877205144575648,54189,44,7,10,3396,13,16,Rent,High School,Widowed,1,30564.0
10621,685,0.395087663420662,25865,33,6,11,9522,8,10,Mortgage,Masters,Widowed,12,76176.0
10622,503,0.9483870686517096,93798,49,5,9,18512,5,1,Mortgage,Masters,Widowed,12,222144.0
10623,764,0.5986699874200088,166758,78,8,8,19049,5,16,Rent,Masters,Widowed,14,171441.0
10624,528,0.0259429065709437,189848,79,6,17,14300,1,24,Mortgage,High School,Widowed,19,228800.0
10625,600,0.0190856821342679,69303,49,8,7,5005,9,15,Mortgage,High School,Divorced,7,75075.0
10626,464,0.2771867060818941,91026,21,7,4,2656,3,2,Own,High School,Widowed,25,23904.0
10627,769,0.2884740817747869,105357,35,7,4,7610,7,17,Rent,Masters,Widowed,0,38050.0
10628,418,0.7097840254285491,63408,37,9,4,10318,6,11,Rent,Masters,Divorced,17,175406.0
10629,504,0.3739087235075334,153421,31,7,10,19792,2,16,Own,Bachelor,Widowed,9,395840.0
10630,622,0.9685820001055014,139726,71,3,11,2082,5,5,Rent,High School,Widowed,2,16656.0
10631,519,0.0290373747489945,194773,37,6,3,8169,12,9,Mortgage,High School,Widowed,0,57183.0
10632,398,0.2744164816294021,89223,64,8,7,7900,10,25,Rent,Masters,Widowed,14,150100.0
10633,727,0.0140634270725178,167015,64,2,0,10068,12,0,Own,Masters,Widowed,5,20136.0
10634,785,0.3378701686134618,195998,67,7,19,19163,18,13,Mortgage,High School,Widowed,12,421586.0
10635,721,0.3114488018741568,40239,76,3,8,13631,10,1,Own,High School,Widowed,8,286251.0
10636,670,0.1475815878572975,110988,53,9,6,15160,17,11,Mortgage,PhD,Widowed,13,227400.0
10637,416,0.1559491020034153,157220,62,9,12,18454,9,21,Mortgage,High School,Divorced,1,110724.0
10638,733,0.0982870031514119,150055,37,0,6,1489,2,19,Mortgage,Masters,Widowed,1,2978.0
10639,773,0.6443132864672664,113750,29,9,0,17042,3,2,Own,Masters,Widowed,10,221546.0
10640,724,0.2168815710983846,146037,66,7,19,12369,3,17,Rent,Bachelor,Widowed,3,210273.0
10641,477,0.1539546955000547,178178,48,6,11,5768,4,11,Rent,Masters,Married,15,40376.0
10642,612,0.0822816477160028,101857,40,8,8,17016,19,19,Mortgage,Bachelor,Widowed,2,272256.0
10643,359,0.6608261317678228,150435,56,7,1,10414,11,6,Rent,High School,Widowed,18,208280.0
10644,455,0.2861407448001924,93805,51,5,3,11280,7,4,Rent,Masters,Widowed,18,112800.0
10645,589,0.2418249579325484,151242,53,5,0,8623,6,8,Rent,Masters,Widowed,24,146591.0
10646,329,0.1010613568488989,76441,40,0,17,4012,6,24,Rent,High School,Widowed,25,80240.0
10647,379,0.1270587424864945,158763,36,9,3,19785,0,3,Mortgage,Masters,Married,3,217635.0
10648,601,0.5557164300405801,79548,32,1,11,2152,6,7,Rent,High School,Widowed,2,19368.0
10649,748,0.4898334450210102,54234,82,6,16,9883,16,3,Rent,Masters,Widowed,12,79064.0
10650,604,0.5533492521173912,116614,45,8,7,6198,5,0,Rent,PhD,Widowed,23,117762.0
10651,441,0.1696130096865926,96595,79,7,6,18297,12,1,Rent,Bachelor,Widowed,18,54891.0
10652,683,0.4621464365104998,121715,23,5,6,14330,2,0,Mortgage,PhD,Widowed,16,128970.0
10653,589,0.0849577421174381,27277,73,9,18,12894,6,14,Rent,Bachelor,Widowed,23,270774.0
10654,692,0.3738001403494086,112344,50,1,11,7440,14,0,Rent,Masters,Widowed,6,22320.0
10655,375,0.6305637001270261,125203,68,7,1,9713,5,2,Mortgage,Masters,Divorced,3,97130.0
10656,656,0.3786651740748781,125634,58,2,18,19538,2,11,Rent,PhD,Widowed,2,195380.0
10657,578,0.6902748123403113,143583,25,9,4,7063,19,2,Own,Masters,Divorced,7,70630.0
10658,302,0.2713853281932903,20895,76,6,5,9601,4,6,Mortgage,Masters,Widowed,19,76808.0
10659,745,0.2586650565548513,172936,35,5,0,13216,6,17,Mortgage,PhD,Widowed,5,132160.0
10660,843,0.2338747019424069,52769,81,9,3,10391,11,18,Own,High School,Widowed,5,135083.0
10661,708,0.0093905937766968,37402,27,2,1,12032,4,5,Mortgage,PhD,Widowed,9,252672.0
10662,523,0.0582336575065118,152323,51,7,9,14363,8,18,Rent,Bachelor,Widowed,10,86178.0
10663,764,0.8393482259391396,196014,56,8,3,9087,9,11,Mortgage,PhD,Single,10,109044.0
10664,691,0.0229761444053753,129155,40,1,8,6941,6,14,Rent,PhD,Widowed,5,124938.0
10665,720,0.0088181629181754,73494,69,6,5,7192,1,12,Rent,High School,Widowed,3,21576.0
10666,843,0.1888636418187999,131389,24,7,8,7066,9,6,Rent,Bachelor,Widowed,21,98924.0
10667,776,0.0707512971386312,40048,57,6,15,12813,0,4,Own,High School,Widowed,19,230634.0
10668,483,0.2913403588295939,54298,76,4,17,7044,3,27,Rent,High School,Widowed,5,133836.0
10669,306,0.7390904094865286,100415,21,8,4,1886,1,13,Mortgage,Masters,Married,25,5658.0
10670,774,0.2297649515299537,157440,72,8,3,17422,3,2,Own,High School,Single,6,365862.0
10671,792,0.5135980565630653,111594,37,0,13,17202,13,10,Rent,Masters,Widowed,0,137616.0
10672,810,0.0981645647554257,167295,39,7,17,17315,15,1,Rent,Bachelor,Widowed,7,86575.0
10673,641,0.8570295737656556,96102,32,6,0,11715,12,17,Mortgage,High School,Widowed,3,152295.0
10674,688,0.445985042602455,71370,42,6,5,16266,9,27,Mortgage,High School,Divorced,7,146394.0
10675,324,0.0944108023806076,56237,23,7,2,2924,1,14,Rent,High School,Divorced,14,8772.0
10676,378,0.2222721449711324,138037,37,8,18,14375,7,19,Mortgage,PhD,Widowed,23,215625.0
10677,452,0.6909803728696233,122078,59,7,2,9646,4,5,Mortgage,PhD,Widowed,0,106106.0
10678,778,0.8796637572226198,153702,31,9,2,2977,3,11,Rent,High School,Widowed,19,44655.0
10679,429,0.1449757358266026,198625,84,7,17,14158,7,20,Rent,Masters,Divorced,1,297318.0
10680,812,0.0537717739935078,196996,71,3,10,10680,10,27,Mortgage,High School,Widowed,0,149520.0
10681,536,0.082415561691246,89004,23,5,8,9538,7,9,Mortgage,Masters,Single,9,152608.0
10682,797,0.2528885613158466,119421,49,6,9,13287,7,3,Mortgage,High School,Widowed,2,172731.0
10683,717,0.8027659974178634,62840,29,1,3,1286,2,22,Rent,High School,Widowed,1,25720.0
10684,827,0.0427554252162694,190383,85,9,16,17839,4,15,Rent,Bachelor,Widowed,10,356780.0
10685,611,0.0701777530213577,71903,28,2,0,6664,5,2,Rent,Masters,Single,28,113288.0
10686,537,0.1718931896690695,23672,69,2,12,13248,18,4,Rent,High School,Widowed,18,66240.0
10687,717,0.1950139762771677,142282,61,5,3,15257,5,29,Mortgage,High School,Widowed,13,320397.0
10688,636,0.2900672086169599,100929,55,4,11,8206,6,10,Rent,High School,Widowed,3,57442.0
10689,594,0.9762276680147371,190947,60,4,3,17377,3,3,Own,Masters,Divorced,1,225901.0
10690,834,0.1569649855503924,45936,60,5,7,15759,12,24,Rent,Bachelor,Widowed,7,157590.0
10691,730,0.7015717542631683,123190,28,4,1,1525,4,4,Rent,Bachelor,Widowed,15,18300.0
10692,608,0.9822242341264098,136675,55,7,13,12859,0,1,Rent,Masters,Divorced,9,244321.0
10693,680,0.6683737589334411,74348,37,9,1,3173,5,26,Mortgage,Masters,Widowed,6,60287.0
10694,363,0.0522370317187879,26752,18,7,4,16224,15,23,Rent,Bachelor,Widowed,21,308256.0
10695,404,0.1911742288542969,110111,39,0,0,12549,19,7,Rent,Masters,Widowed,7,62745.0
10696,571,0.1314471749572273,35907,19,5,7,10701,0,25,Rent,Masters,Single,24,21402.0
10697,539,0.3963751241769728,109047,44,6,11,2200,9,6,Rent,High School,Widowed,23,35200.0
10698,571,0.3508605404927399,115667,35,5,1,19371,15,8,Rent,PhD,Widowed,1,309936.0
10699,485,0.0472216735966535,36697,49,4,5,11808,4,19,Own,High School,Widowed,29,129888.0
10700,732,0.251588730128923,182300,41,6,0,4199,13,13,Mortgage,Masters,Divorced,1,50388.0
10701,569,0.2513661654404966,139261,24,6,13,2283,9,17,Own,High School,Widowed,24,20547.0
10702,369,0.8818542162185661,160399,45,7,16,17413,12,1,Rent,Masters,Widowed,13,313434.0
10703,395,0.9845564739301677,59083,18,7,6,7090,8,18,Mortgage,Masters,Single,2,77990.0
10704,727,0.6344422500528704,169012,20,3,7,13478,4,2,Mortgage,Masters,Married,7,188692.0
10705,770,0.4129033697526,128439,57,5,17,14360,12,19,Mortgage,PhD,Widowed,14,157960.0
10706,437,0.028457255791753,142215,73,2,18,9323,8,13,Mortgage,High School,Widowed,24,139845.0
10707,684,0.3374991004197101,134636,65,1,12,12113,5,5,Rent,Bachelor,Widowed,4,84791.0
10708,708,0.5528171860361885,142236,20,4,18,19021,9,17,Mortgage,PhD,Widowed,19,114126.0
10709,628,0.1394027699943331,147579,20,8,9,8197,6,9,Mortgage,Masters,Married,3,81970.0
10710,798,0.1869167968684917,95085,19,2,10,1547,4,7,Mortgage,Masters,Widowed,7,9282.0
10711,765,0.1785192680563022,125859,89,4,14,11543,4,5,Own,PhD,Widowed,25,80801.0
10712,374,0.1593133551527399,85423,55,8,7,17326,3,18,Own,Masters,Widowed,2,138608.0
10713,810,0.1560478666898495,107706,83,6,9,19669,9,22,Own,High School,Widowed,7,393380.0
10714,847,0.0018307351003939,154917,57,7,6,5594,5,2,Mortgage,PhD,Widowed,19,50346.0
10715,455,0.1418792637964485,149432,19,9,7,5578,0,0,Mortgage,Bachelor,Divorced,1,78092.0
10716,653,0.6689974597141453,153624,43,9,11,5846,12,6,Rent,Masters,Single,10,40922.0
10717,673,0.1989692557944491,131558,84,6,15,17341,6,22,Own,High School,Widowed,6,121387.0
10718,750,0.275966763142255,112283,43,8,19,7894,9,4,Rent,Masters,Single,25,31576.0
10719,551,0.3737775382738673,35834,33,5,16,5554,15,4,Mortgage,Masters,Widowed,16,77756.0
10720,752,0.22124318991465,54855,58,3,6,13480,7,12,Own,High School,Widowed,19,121320.0
10721,363,0.1396418596154442,47044,43,4,18,15741,10,27,Rent,Masters,Widowed,1,173151.0
10722,754,0.0291925591642517,194269,87,8,17,6529,16,24,Rent,Masters,Widowed,1,78348.0
10723,567,0.0968252374668803,32894,22,3,19,7276,8,9,Rent,High School,Widowed,11,36380.0
10724,682,0.5714298691784121,193172,42,5,8,8910,2,29,Rent,Masters,Widowed,7,62370.0
10725,793,0.6412368673577586,77059,86,1,13,5146,13,7,Rent,Masters,Widowed,21,20584.0
10726,448,0.0239635237715616,158977,23,9,4,7222,11,24,Mortgage,PhD,Widowed,2,28888.0
10727,350,0.0251770134111241,96504,25,4,10,10894,15,2,Rent,High School,Widowed,28,130728.0
10728,831,0.0043360023262513,76894,33,9,7,1944,16,23,Mortgage,PhD,Widowed,9,11664.0
10729,329,0.0109401456106159,23293,43,9,1,3765,9,9,Own,High School,Divorced,15,48945.0
10730,434,0.0266840530474505,59806,61,2,3,13298,8,12,Rent,PhD,Widowed,17,239364.0
10731,714,0.5160402354935089,195408,25,9,1,19250,13,25,Mortgage,PhD,Widowed,14,57750.0
10732,432,0.1320011947471087,108702,36,9,10,2233,5,10,Mortgage,High School,Married,3,15631.0
10733,561,0.5802390038700634,180618,33,4,3,1411,17,4,Rent,Masters,Widowed,11,11288.0
10734,399,0.4465664436128367,150378,35,7,15,19125,9,16,Rent,Masters,Widowed,27,248625.0
10735,603,0.1069337530282724,41650,39,4,5,7838,1,25,Mortgage,Bachelor,Widowed,28,101894.0
10736,629,0.1499898697493025,113397,32,8,1,6829,10,21,Rent,PhD,Widowed,12,13658.0
10737,402,0.4738785741535725,97888,55,5,3,15103,14,18,Rent,High School,Widowed,9,317163.0
10738,457,0.1991662026304773,33976,52,4,0,9407,14,12,Mortgage,High School,Widowed,6,47035.0
10739,806,0.2361878843714456,87946,49,3,8,3953,13,3,Mortgage,PhD,Widowed,13,51389.0
10740,517,0.1503074377236428,160226,34,9,2,5454,3,1,Own,High School,Widowed,26,16362.0
10741,629,0.0501397134306664,92003,71,6,15,19772,15,25,Rent,Masters,Widowed,1,276808.0
10742,398,0.5489023497331009,46281,32,6,9,4759,7,9,Own,Masters,Widowed,15,33313.0
10743,465,0.1081607955634565,160982,28,5,13,4124,14,0,Mortgage,Masters,Widowed,10,45364.0
10744,749,0.7424452124177631,111359,32,9,7,17734,9,9,Mortgage,Masters,Married,4,336946.0
10745,729,0.3922656338887276,127810,22,7,1,4091,1,5,Mortgage,High School,Widowed,11,85911.0
10746,468,0.3553781414812158,66430,23,5,2,6052,17,0,Own,Masters,Widowed,23,96832.0
10747,353,0.4040547105380956,137636,22,5,15,8561,1,23,Mortgage,Masters,Single,10,85610.0
10748,800,0.2113462224166099,98770,46,0,10,6857,5,15,Rent,PhD,Widowed,14,130283.0
10749,537,0.6214252056755164,127376,42,9,15,3985,5,21,Rent,High School,Widowed,14,71730.0
10750,848,0.0724932982530293,47401,45,7,2,8136,18,10,Mortgage,Masters,Widowed,8,65088.0
10751,672,0.8552241684180063,100852,75,4,7,1210,7,3,Rent,PhD,Widowed,16,7260.0
10752,472,0.7000872882073916,134569,24,4,7,17416,3,1,Rent,Masters,Married,1,261240.0
10753,660,0.7791967071880015,31730,33,0,3,9964,2,4,Mortgage,High School,Widowed,21,109604.0
10754,469,0.2064230244732984,68022,64,6,7,11000,4,6,Rent,PhD,Widowed,21,121000.0
10755,383,0.1422645255188085,69915,41,7,4,15746,7,8,Mortgage,PhD,Widowed,0,236190.0
10756,849,0.3702099617898358,36469,77,8,11,8304,18,19,Own,High School,Widowed,5,16608.0
10757,627,0.0197500973815516,73861,47,1,16,3036,3,17,Rent,High School,Widowed,23,48576.0
10758,444,0.6522440158478325,118595,34,4,10,7638,0,2,Mortgage,Masters,Married,18,122208.0
10759,848,0.0643622620659406,111581,75,3,17,2400,17,9,Rent,Masters,Widowed,1,7200.0
10760,685,0.6910472684732173,199249,82,8,2,12951,5,9,Mortgage,Masters,Divorced,0,116559.0
10761,591,0.5639780978080163,59199,21,3,5,10128,1,20,Rent,Masters,Widowed,1,40512.0
10762,479,0.4910238713363626,110372,55,7,17,14060,9,12,Own,Masters,Widowed,4,70300.0
10763,523,0.3725512851303263,21396,28,6,0,2787,2,21,Mortgage,Masters,Single,3,25083.0
10764,661,0.2315234493574359,45200,76,5,0,14929,3,2,Mortgage,Masters,Widowed,17,29858.0
10765,728,0.2099555917326208,174711,22,9,16,8107,12,19,Mortgage,Masters,Widowed,20,81070.0
10766,734,0.182393826264906,111025,58,0,18,10764,5,9,Own,Masters,Widowed,7,204516.0
10767,776,0.8166756543109147,53796,84,0,1,17260,5,10,Rent,Masters,Widowed,5,241640.0
10768,499,0.289634541241945,21965,70,2,18,10763,0,0,Rent,Bachelor,Widowed,0,161445.0
10769,550,0.0055608909819045,188027,29,9,10,16805,5,1,Rent,Masters,Widowed,20,235270.0
10770,369,0.3229747318040665,197959,18,9,8,7292,4,9,Mortgage,High School,Divorced,13,21876.0
10771,825,0.0590589041349942,160313,23,7,1,5015,9,5,Rent,Masters,Widowed,6,55165.0
10772,439,0.6441904036015019,162497,34,8,9,18260,7,14,Mortgage,Masters,Married,1,383460.0
10773,757,0.493188362450604,67241,52,1,7,15637,9,2,Mortgage,Masters,Widowed,0,297103.0
10774,814,0.1949337174100004,102028,41,8,17,1504,3,25,Mortgage,High School,Widowed,27,15040.0
10775,517,0.011641942213045,117615,65,0,4,17247,7,15,Rent,Masters,Widowed,29,327693.0
10776,658,0.0776219997761107,140033,74,3,11,16109,2,2,Mortgage,High School,Divorced,4,338289.0
10777,829,0.6651099144696223,46748,40,2,2,13664,9,9,Mortgage,Masters,Widowed,10,232288.0
10778,804,0.3261337597355329,109072,38,3,7,17707,12,20,Rent,High School,Widowed,22,70828.0
10779,579,0.9274536327098772,99674,38,9,2,1083,4,26,Mortgage,Masters,Widowed,9,6498.0
10780,387,0.0005391017447221,87313,53,1,4,7652,8,3,Rent,Masters,Divorced,18,122432.0
10781,571,0.0612009188818298,109492,53,4,12,15802,19,23,Rent,High School,Widowed,16,347644.0
10782,312,0.1022023225718716,105821,43,4,16,16920,3,29,Mortgage,Masters,Widowed,21,135360.0
10783,628,0.299768186005816,187874,88,7,2,16986,17,4,Mortgage,High School,Widowed,23,237804.0
10784,696,0.3953041185089324,167155,20,8,3,9913,19,2,Mortgage,Masters,Single,27,178434.0
10785,791,0.1677936401791167,172194,53,2,9,4512,12,12,Mortgage,High School,Widowed,5,31584.0
10786,725,0.4427470015520658,42652,44,6,3,8733,15,2,Own,Masters,Widowed,23,165927.0
10787,824,0.3195140222274258,50661,70,2,16,12492,6,1,Rent,High School,Widowed,23,212364.0
10788,483,0.1244775898511306,127830,20,2,18,19136,12,26,Rent,Masters,Divorced,3,76544.0
10789,350,0.2407360628104601,31871,23,0,11,16575,8,24,Rent,Masters,Widowed,15,66300.0
10790,576,0.0312484468736887,184036,28,6,0,18394,7,8,Own,PhD,Widowed,17,147152.0
10791,811,0.7244401630170463,133554,30,9,14,14943,3,28,Mortgage,PhD,Widowed,5,268974.0
10792,496,0.3874719719825358,73719,89,6,1,9066,16,21,Rent,Masters,Widowed,20,63462.0
10793,495,0.1087595600079416,65976,57,5,4,6974,4,6,Own,High School,Single,5,146454.0
10794,523,0.8863343320576337,150553,53,9,18,17302,6,9,Mortgage,Masters,Widowed,9,207624.0
10795,654,0.6469182607439758,197486,18,4,10,5415,4,3,Mortgage,Masters,Single,18,108300.0
10796,532,0.3452761191965399,65738,56,4,18,1070,3,5,Rent,High School,Widowed,10,21400.0
10797,801,0.3025475748162042,78944,29,2,12,15113,12,10,Rent,Bachelor,Widowed,14,105791.0
10798,613,0.9417157940647508,96338,75,7,3,4244,7,1,Mortgage,PhD,Widowed,22,55172.0
10799,403,0.0945121952870893,86702,70,8,2,14145,0,26,Mortgage,Masters,Divorced,8,282900.0
10800,354,0.2376368357785286,99981,73,2,6,5897,5,0,Rent,High School,Widowed,21,88455.0
10801,396,0.2395579627818072,25770,41,8,5,13198,15,2,Rent,Masters,Widowed,15,92386.0
10802,753,0.0718036591669925,118721,37,9,12,19673,10,17,Rent,PhD,Widowed,11,373787.0
10803,724,0.186715058096792,156028,61,6,17,3011,9,20,Rent,High School,Widowed,6,42154.0
10804,795,0.0929865158821107,80194,87,2,7,16549,8,1,Rent,Bachelor,Widowed,18,281333.0
10805,698,0.6856362119161169,59316,59,2,3,1271,15,12,Rent,Masters,Widowed,12,22878.0
10806,342,0.0555197714378127,138381,38,1,5,2874,2,10,Own,High School,Married,1,34488.0
10807,512,0.7466213917701039,23332,20,7,1,19739,0,17,Mortgage,PhD,Widowed,10,236868.0
10808,398,0.487797002917697,194624,27,7,6,17368,10,17,Mortgage,High School,Divorced,6,69472.0
10809,838,0.1431891796795239,176636,78,2,13,1337,18,13,Mortgage,PhD,Widowed,28,25403.0
10810,543,0.3451484882580508,82425,60,5,10,16801,10,7,Mortgage,PhD,Widowed,3,100806.0
10811,596,0.0088569647939558,173554,35,5,10,9429,8,11,Own,Masters,Widowed,19,179151.0
10812,603,0.3634194574746294,52001,60,2,5,11772,3,4,Mortgage,PhD,Widowed,23,70632.0
10813,691,0.0166785914502599,62062,27,9,16,18159,18,1,Mortgage,PhD,Single,15,236067.0
10814,343,0.1517392515115198,52264,32,8,13,8073,16,20,Mortgage,High School,Divorced,22,72657.0
10815,588,0.0775993306611348,103200,34,3,10,16763,4,10,Mortgage,High School,Widowed,6,184393.0
10816,606,0.3837368216689104,40842,30,6,4,15952,17,22,Mortgage,PhD,Widowed,11,47856.0
10817,755,0.3054383741441742,60585,43,1,11,11339,6,6,Mortgage,High School,Widowed,26,102051.0
10818,696,0.6933922330787265,177330,24,8,0,8548,7,13,Mortgage,PhD,Widowed,19,17096.0
10819,785,0.3413120542705207,132500,61,6,6,8745,5,27,Rent,Bachelor,Widowed,9,131175.0
10820,698,0.1527927521096578,59463,21,3,11,18618,7,21,Own,High School,Widowed,14,111708.0
10821,795,0.8391448267470832,36353,23,8,2,16608,5,15,Mortgage,PhD,Widowed,7,149472.0
10822,412,0.086270207919444,48978,63,5,4,18445,11,7,Rent,Masters,Widowed,4,36890.0
10823,504,0.399790824073212,72964,36,2,7,19825,5,8,Mortgage,Masters,Widowed,5,376675.0
10824,351,0.0501079050445615,117725,25,4,7,13808,8,10,Mortgage,Masters,Widowed,0,179504.0
10825,536,0.2455957886200683,150783,66,5,16,3886,7,13,Rent,Masters,Widowed,21,50518.0
10826,749,0.0075815965281518,50713,55,2,9,8698,0,16,Rent,Masters,Widowed,9,26094.0
10827,781,0.709861489520791,147982,42,9,15,13076,12,1,Mortgage,Masters,Widowed,26,274596.0
10828,629,0.3007436082257435,196081,26,4,19,18771,15,22,Mortgage,Masters,Single,5,281565.0
10829,311,0.2941782056135849,67389,80,3,4,5886,5,0,Mortgage,High School,Married,1,100062.0
10830,768,0.2449124808741405,141259,70,5,9,4955,5,11,Own,High School,Widowed,7,29730.0
10831,687,0.3231752690290433,103209,54,1,4,4233,16,0,Rent,High School,Widowed,17,55029.0
10832,482,0.2460737669622761,143508,38,7,3,12549,2,7,Own,High School,Single,13,188235.0
10833,383,0.0476194835405232,150696,70,4,8,3389,5,0,Own,High School,Widowed,14,30501.0
10834,797,0.5350852456594667,81284,75,2,14,11207,8,20,Rent,Bachelor,Widowed,4,44828.0
10835,700,0.3876232628735762,115430,30,7,1,1072,4,23,Mortgage,PhD,Widowed,0,16080.0
10836,766,0.137369257709761,108678,78,3,12,7591,11,12,Mortgage,Masters,Widowed,6,144229.0
10837,841,0.8549451040026291,96373,51,1,18,8884,11,8,Rent,High School,Widowed,20,88840.0
10838,675,0.5562931688759917,193889,18,7,3,6891,14,20,Rent,Masters,Widowed,1,89583.0
10839,576,0.0410632419967864,197559,39,4,12,17639,11,6,Own,Bachelor,Widowed,22,35278.0
10840,327,0.1237331187486093,175216,39,7,6,5694,2,2,Mortgage,PhD,Widowed,3,102492.0
10841,741,0.8024273056663412,62437,21,7,19,15587,16,12,Rent,High School,Widowed,16,93522.0
10842,596,0.1727501128501284,58710,55,6,7,15183,12,21,Mortgage,Masters,Widowed,4,273294.0
10843,395,0.3468989220832917,29547,69,9,2,2453,18,10,Mortgage,Masters,Widowed,20,14718.0
10844,584,0.8577787010152627,61868,80,6,1,5199,3,15,Rent,High School,Widowed,10,36393.0
10845,665,0.1534335866951565,188129,33,9,18,17830,8,18,Mortgage,PhD,Single,15,196130.0
10846,684,0.3577431281721372,187103,40,6,0,1178,7,4,Rent,High School,Widowed,22,12958.0
10847,454,0.2485976386683009,74660,31,0,13,12932,10,5,Rent,PhD,Widowed,20,90524.0
10848,502,0.2011204105757817,193442,45,8,2,11864,0,6,Rent,Masters,Widowed,7,166096.0
10849,531,0.2507409782305471,151412,57,6,13,5936,4,9,Mortgage,PhD,Widowed,24,29680.0
10850,509,0.1203725124895856,26078,42,7,0,12284,9,15,Rent,Masters,Divorced,9,49136.0
10851,707,0.4542907745226251,179313,58,8,3,4730,11,3,Rent,Masters,Widowed,21,80410.0
10852,749,0.4259835696239799,67572,59,6,9,8412,1,18,Rent,High School,Widowed,7,134592.0
10853,660,0.0364091636786069,168828,39,8,0,15079,1,8,Mortgage,Bachelor,Widowed,8,256343.0
10854,840,0.0659637111132892,114257,34,5,6,12520,8,19,Rent,Masters,Single,4,25040.0
10855,561,0.0289164097747198,177242,61,9,13,17547,10,6,Own,PhD,Widowed,27,245658.0
10856,831,0.2697842127936579,183069,70,9,15,9290,18,4,Mortgage,Masters,Widowed,21,55740.0
10857,801,0.0289071664885161,148186,59,2,18,2178,15,13,Own,High School,Widowed,11,15246.0
10858,677,0.4496421707585866,165499,48,7,16,3496,11,5,Own,High School,Widowed,27,45448.0
10859,774,0.0271979198399262,173949,44,8,1,1003,10,2,Rent,PhD,Widowed,15,15045.0
10860,353,0.6278544489839762,24452,29,5,9,9349,16,6,Rent,Masters,Widowed,27,102839.0
10861,303,0.5492256278575192,83018,18,2,11,10178,3,5,Rent,High School,Widowed,12,162848.0
10862,833,0.8055420175922017,63690,28,8,8,15962,12,4,Rent,Masters,Widowed,25,335202.0
10863,695,0.3677299727315571,58077,36,6,15,14407,4,9,Rent,High School,Widowed,23,187291.0
10864,773,0.2833838313087605,105502,24,8,0,16883,9,17,Mortgage,PhD,Widowed,17,151947.0
10865,601,0.2941943444830729,50301,85,7,4,1730,3,24,Mortgage,High School,Divorced,8,10380.0
10866,727,0.2523156322572112,145967,88,0,0,12206,12,11,Rent,PhD,Widowed,20,73236.0
10867,757,0.3322880247842947,155147,43,1,15,7281,2,19,Rent,Masters,Widowed,12,152901.0
10868,449,0.3686894105593966,84695,60,6,8,4397,19,26,Mortgage,High School,Divorced,1,17588.0
10869,633,0.6931531731534916,58086,86,5,0,14019,15,10,Rent,High School,Widowed,10,98133.0
10870,490,0.3143686669115278,103321,28,9,5,8992,12,2,Mortgage,High School,Widowed,4,53952.0
10871,831,0.0138973257198884,60415,19,6,6,19620,14,14,Rent,Masters,Widowed,15,294300.0
10872,589,0.3004153154692627,196042,50,7,3,12917,4,15,Mortgage,Masters,Single,2,77502.0
10873,352,0.1081401899868172,51187,42,9,9,8337,10,9,Mortgage,Masters,Divorced,29,116718.0
10874,511,0.6900328851785645,80286,33,9,18,17027,1,1,Rent,Masters,Widowed,25,374594.0
10875,454,0.1883779645608317,160986,32,9,1,15624,1,9,Own,PhD,Single,1,156240.0
10876,417,0.573293886557581,115965,33,3,12,9937,7,8,Own,Masters,Widowed,8,129181.0
10877,778,0.2417743172084683,75718,21,4,16,18896,4,10,Own,Bachelor,Widowed,5,113376.0
10878,435,0.3800934099836369,131281,34,8,6,19264,10,1,Mortgage,Masters,Married,21,57792.0
10879,539,0.0176300331323402,145022,32,5,5,13257,17,11,Mortgage,PhD,Widowed,7,145827.0
10880,773,0.4098735411783981,86845,23,6,15,4725,7,1,Own,PhD,Widowed,19,75600.0
10881,468,0.425432242941394,120200,80,0,18,8535,7,4,Rent,Masters,Widowed,9,110955.0
10882,315,0.6331824863044732,70852,63,5,2,6708,6,19,Rent,Masters,Widowed,1,20124.0
10883,361,0.947548257284796,140329,18,8,0,5990,10,20,Mortgage,PhD,Widowed,8,89850.0
10884,443,0.027082876176723,70689,27,8,5,18159,11,0,Own,High School,Widowed,7,345021.0
10885,836,0.4895101881383722,118710,64,9,3,16507,18,5,Rent,Masters,Divorced,6,280619.0
10886,677,0.4312861500169815,123655,69,6,4,6573,1,10,Rent,High School,Widowed,21,138033.0
10887,777,0.4461458307943129,168013,56,5,10,14044,10,19,Mortgage,High School,Widowed,17,168528.0
10888,551,0.0394094034097471,97846,76,0,5,13333,17,2,Rent,High School,Widowed,24,146663.0
10889,721,0.2518031130651871,103949,42,7,18,9073,0,17,Mortgage,High School,Widowed,11,72584.0
10890,819,0.8838840661438588,198035,52,9,13,1430,2,7,Mortgage,PhD,Widowed,0,28600.0
10891,338,0.2159196189013654,36200,57,5,16,2551,0,7,Own,High School,Widowed,2,51020.0
10892,595,0.1302640235446713,148814,89,1,3,10839,11,5,Rent,PhD,Widowed,0,216780.0
10893,621,0.9477678944327608,146484,25,3,15,19399,12,0,Rent,PhD,Widowed,3,290985.0
10894,751,0.7940888298065996,176216,19,2,9,5390,7,1,Own,Masters,Single,10,86240.0
10895,832,0.2423660673292996,32402,37,2,18,19126,0,11,Mortgage,Masters,Widowed,7,153008.0
10896,607,0.3514119443105081,117757,32,3,6,8350,5,5,Own,Masters,Single,13,50100.0
10897,790,0.99545852765758,191837,54,3,3,14257,4,0,Rent,Masters,Divorced,13,213855.0
10898,391,0.4234895286873036,68678,53,5,9,4093,12,3,Mortgage,High School,Widowed,18,12279.0
10899,326,0.3077688072255511,158580,33,8,8,4165,8,5,Rent,Masters,Widowed,9,12495.0
10900,706,0.4268906757105966,115532,66,8,1,11956,14,25,Mortgage,PhD,Widowed,11,215208.0
10901,528,0.4828367020066653,96850,30,7,5,3944,2,20,Rent,Masters,Widowed,5,63104.0
10902,685,0.6168229876202326,33018,57,1,19,12019,9,1,Rent,Masters,Widowed,12,72114.0
10903,546,0.3215978266973256,154403,83,7,7,5478,5,16,Rent,Masters,Widowed,2,38346.0
10904,752,0.4615264481093761,51783,88,9,7,9226,0,12,Rent,PhD,Widowed,11,138390.0
10905,572,0.6038409271304325,102238,18,9,2,11931,11,13,Mortgage,Masters,Widowed,14,202827.0
10906,607,0.027554732592835,35571,74,4,3,15856,0,2,Mortgage,Masters,Widowed,4,47568.0
10907,732,0.2849071712322607,180115,80,8,0,13689,11,18,Rent,PhD,Widowed,8,191646.0
10908,528,0.3320240087580185,156869,54,1,0,14365,5,10,Rent,High School,Widowed,20,244205.0
10909,380,0.0152812675710651,120780,38,6,10,2947,16,7,Mortgage,Masters,Single,16,17682.0
10910,693,0.2498510634596968,122573,38,3,8,12227,12,24,Mortgage,High School,Widowed,6,73362.0
10911,704,0.4656523194165927,53672,29,6,16,12779,5,0,Own,Masters,Widowed,8,204464.0
10912,529,0.6301147206131513,28061,83,4,4,15270,1,0,Mortgage,Masters,Widowed,21,320670.0
10913,791,0.0737206512056296,131748,23,0,11,7133,0,20,Rent,Masters,Divorced,2,121261.0
10914,843,0.1259363613177957,82451,89,4,17,1314,9,29,Rent,High School,Widowed,20,7884.0
10915,626,0.2227124686345789,174684,27,5,15,11358,1,16,Mortgage,High School,Widowed,5,56790.0
10916,655,0.5352402943033102,37758,35,9,19,18220,11,4,Own,High School,Widowed,6,327960.0
10917,823,0.3561028426635597,35212,28,7,1,16470,0,13,Mortgage,Bachelor,Widowed,20,65880.0
10918,306,0.5135325245908773,150146,43,4,1,3423,5,8,Mortgage,High School,Widowed,1,37653.0
10919,622,0.6839274565152561,144903,80,9,5,2143,12,7,Rent,Masters,Widowed,8,45003.0
10920,541,0.1329318769325984,193530,48,3,2,6270,16,6,Rent,Masters,Widowed,18,87780.0
10921,302,0.0240277631999623,21637,67,8,8,9880,0,20,Mortgage,Masters,Widowed,7,138320.0
10922,344,0.1144665452925526,37729,89,7,1,9175,16,15,Own,High School,Widowed,24,119275.0
10923,815,0.0622112634934709,194576,41,0,9,17948,18,22,Rent,PhD,Widowed,18,358960.0
10924,607,0.1638158379651344,199463,23,8,1,4954,5,3,Mortgage,High School,Single,16,49540.0
10925,575,0.7033041345450989,150572,83,7,9,2509,4,0,Rent,PhD,Widowed,14,47671.0
10926,481,0.4148057755966366,88812,77,8,7,5546,13,11,Rent,PhD,Widowed,6,66552.0
10927,738,0.8977068397134905,36206,31,5,0,9004,12,6,Mortgage,High School,Widowed,25,171076.0
10928,459,0.0642877924102293,23192,52,4,3,4184,5,11,Rent,High School,Divorced,10,58576.0
10929,565,0.3834947530375425,89306,88,4,2,8436,7,9,Rent,High School,Widowed,29,59052.0
10930,802,0.084629458337833,76739,39,4,13,5790,5,23,Rent,Bachelor,Widowed,12,92640.0
10931,533,0.7318959497824488,153010,34,6,16,18187,0,6,Own,Bachelor,Widowed,1,72748.0
10932,363,0.0422506887346356,51798,74,9,15,19502,3,25,Own,High School,Widowed,12,234024.0
10933,480,0.0253196969884382,154575,75,9,16,16456,1,6,Mortgage,Masters,Married,6,312664.0
10934,585,0.2761871192938474,83095,77,7,10,11597,18,16,Rent,Masters,Widowed,9,139164.0
10935,698,0.4842236022770636,29222,67,9,10,12865,13,13,Mortgage,High School,Widowed,13,38595.0
10936,767,0.3947920457271578,71945,22,7,17,13438,5,6,Mortgage,PhD,Widowed,3,188132.0
10937,325,0.221388750533967,98206,81,3,0,6336,1,15,Rent,Bachelor,Widowed,2,44352.0
10938,636,0.3793642324415158,90535,34,5,14,10953,12,1,Rent,Bachelor,Widowed,22,219060.0
10939,684,0.283012267797285,88586,33,6,3,15409,0,4,Mortgage,Bachelor,Widowed,4,46227.0
10940,644,0.689530893995909,93457,44,4,10,12720,3,12,Own,Masters,Widowed,17,228960.0
10941,843,0.0325687346045443,104781,78,6,11,17100,11,4,Mortgage,Bachelor,Widowed,25,307800.0
10942,450,0.8857185438063371,162587,65,9,10,15183,2,0,Own,High School,Widowed,6,273294.0
10943,723,0.3406245303728097,181262,25,7,3,19464,2,16,Rent,Masters,Single,22,408744.0
10944,809,0.9368875939205792,134172,42,4,9,18927,9,14,Mortgage,PhD,Widowed,16,283905.0
10945,710,0.1184982719277215,31906,54,4,9,6145,18,11,Own,High School,Widowed,12,73740.0
10946,401,0.7876892196565889,192550,29,8,1,7994,4,4,Mortgage,Masters,Single,23,23982.0
10947,735,0.2349796129313659,33496,19,4,12,6022,2,0,Rent,High School,Widowed,23,66242.0
10948,578,0.137085575417214,153105,87,6,6,16174,3,0,Mortgage,High School,Single,2,161740.0
10949,757,0.8233326533677853,46525,49,7,6,9224,6,21,Mortgage,Masters,Widowed,17,64568.0
10950,585,0.5786911484785715,159940,39,9,6,16049,14,3,Mortgage,PhD,Single,13,80245.0
10951,839,0.2195260955549254,110306,45,0,18,16274,10,20,Rent,Masters,Widowed,4,65096.0
10952,798,0.1958420534506351,35197,43,3,2,2996,18,0,Own,Masters,Widowed,11,23968.0
10953,381,0.7631032172917959,33317,44,6,2,3913,1,17,Rent,PhD,Widowed,10,19565.0
10954,315,0.3040928583514343,128979,72,9,15,14191,12,13,Rent,Masters,Widowed,9,198674.0
10955,704,0.6343042683910431,84033,33,5,0,4187,2,2,Mortgage,High School,Widowed,20,50244.0
10956,652,0.0845234741598649,57559,43,3,4,17306,0,21,Rent,Masters,Single,9,328814.0
10957,381,0.1850078606289932,70006,84,7,5,2234,15,2,Rent,Masters,Widowed,4,44680.0
10958,377,0.3118321529168675,70640,44,5,18,4174,10,6,Mortgage,PhD,Widowed,2,12522.0
10959,392,0.4889009876932348,83699,58,8,4,1994,4,4,Mortgage,Masters,Married,7,5982.0
10960,706,0.5392995906952212,146679,85,0,9,6120,13,8,Rent,Masters,Widowed,8,73440.0
10961,659,0.2702405368056925,108134,28,7,4,16135,19,10,Mortgage,Masters,Single,7,274295.0
10962,484,0.2170754374916843,193130,70,9,3,16931,3,19,Mortgage,High School,Single,0,220103.0
10963,819,0.1392587481619537,129823,31,3,9,15882,4,5,Own,Masters,Widowed,14,79410.0
10964,636,0.1908750505593824,26515,63,7,19,3331,15,2,Own,Masters,Widowed,20,66620.0
10965,491,0.1650057566781999,55177,38,7,5,19476,8,11,Mortgage,PhD,Widowed,26,331092.0
10966,722,0.2850758151904484,132770,22,4,15,18456,3,27,Mortgage,PhD,Widowed,4,258384.0
10967,780,0.5050654221852485,30604,80,5,9,7121,14,13,Rent,Masters,Widowed,28,149541.0
10968,516,0.3374554110915087,100877,24,2,2,10654,13,4,Own,Masters,Single,5,42616.0
10969,837,0.520003256776836,84078,18,2,8,1994,1,15,Mortgage,Masters,Widowed,21,37886.0
10970,702,0.0989468103990984,111262,54,1,12,15245,14,5,Own,PhD,Widowed,11,213430.0
10971,809,0.4933133366708203,96420,54,3,14,17141,12,5,Rent,Bachelor,Widowed,19,359961.0
10972,632,0.2862327803812851,48177,63,9,4,11932,13,28,Mortgage,High School,Divorced,7,155116.0
10973,713,0.4469104862898991,186261,46,5,11,16300,4,6,Mortgage,PhD,Widowed,5,244500.0
10974,603,0.2300881508151574,77473,75,6,4,15475,18,19,Mortgage,High School,Widowed,21,46425.0
10975,480,0.1171998117975618,62268,45,3,18,14003,11,21,Rent,Masters,Widowed,8,42009.0
10976,415,0.8005509159353612,120890,28,9,7,7078,6,19,Mortgage,Masters,Widowed,5,92014.0
10977,612,0.1103986911034099,175052,24,7,8,6105,4,8,Rent,Masters,Single,22,36630.0
10978,361,0.6825540988174004,29903,40,6,4,1824,1,18,Mortgage,High School,Widowed,14,29184.0
10979,454,0.0106063156059165,48776,67,7,10,9576,1,26,Own,High School,Widowed,24,67032.0
10980,757,0.6139878963852983,120115,83,9,6,18731,10,17,Mortgage,High School,Divorced,5,337158.0
10981,436,0.9706342600218144,60198,20,8,14,16504,16,12,Mortgage,Masters,Widowed,16,198048.0
10982,434,0.3341061838243842,166149,86,0,0,7952,10,1,Rent,Masters,Married,5,95424.0
10983,473,0.1018161991468679,130169,40,2,13,18350,0,8,Rent,High School,Single,0,183500.0
10984,552,0.3939695720189923,194743,50,9,3,16920,0,4,Mortgage,PhD,Widowed,18,338400.0
10985,386,0.6809267157434779,69573,21,8,17,17224,5,3,Rent,Masters,Married,0,241136.0
10986,688,0.6245014463938838,85272,37,0,9,1454,4,6,Rent,PhD,Widowed,2,23264.0
10987,494,0.0666871589767733,176310,27,9,4,8410,13,4,Rent,High School,Widowed,25,42050.0
10988,679,0.0958728747593009,160247,38,6,12,15332,4,14,Mortgage,PhD,Widowed,15,260644.0
10989,473,0.2652285318487706,177275,65,6,5,14187,14,20,Rent,High School,Widowed,15,255366.0
10990,436,0.0154399326045003,183364,18,5,9,6985,0,15,Mortgage,PhD,Widowed,26,41910.0
10991,848,0.6337030412165865,87348,65,5,13,8435,5,1,Mortgage,High School,Widowed,4,25305.0
10992,497,0.018799992744511,131608,56,3,14,7795,13,12,Rent,High School,Widowed,16,70155.0
10993,811,0.5489888691879176,44041,30,3,10,3852,19,12,Rent,High School,Widowed,21,11556.0
10994,594,0.6084286441271954,164273,42,6,4,11492,2,18,Rent,Masters,Single,9,137904.0
10995,411,0.2061310236025715,188344,36,3,13,2077,5,3,Own,High School,Widowed,10,27001.0
10996,317,0.1832821195467961,31277,83,0,10,2191,16,20,Rent,High School,Widowed,20,6573.0
10997,415,0.2923811063938735,195329,80,7,4,4343,1,3,Rent,High School,Widowed,6,43430.0
10998,343,0.0745006808725572,148754,42,9,1,17465,4,27,Rent,High School,Widowed,11,209580.0
10999,527,0.0617233028542182,148078,88,6,13,14511,1,18,Rent,Bachelor,Widowed,3,130599.0
11000,811,0.0941963837285086,157370,34,9,14,13590,5,17,Mortgage,PhD,Single,1,176670.0
11001,798,0.2385310865701253,81288,87,7,17,2157,13,12,Rent,High School,Single,15,32355.0
11002,705,0.2267066588582574,89735,22,6,13,1696,13,19,Rent,High School,Widowed,25,25440.0
11003,675,0.8089705592655932,159821,74,7,17,5213,5,6,Rent,High School,Widowed,24,57343.0
11004,714,0.1861175621413864,160646,57,5,12,13357,1,29,Rent,Bachelor,Widowed,17,106856.0
11005,748,0.113623127708816,55990,45,6,4,2275,1,24,Rent,Bachelor,Widowed,22,9100.0
11006,581,0.3948671476544286,51136,33,1,1,9119,11,2,Rent,PhD,Widowed,4,155023.0
11007,480,0.5464582862436067,190220,46,8,16,11396,5,2,Rent,Masters,Widowed,4,193732.0
11008,357,0.1240950681876141,123064,52,0,7,15721,16,10,Rent,High School,Widowed,26,188652.0
11009,319,0.0880960004264352,114298,21,5,12,6028,10,19,Mortgage,Masters,Widowed,20,60280.0
11010,416,0.4249531688351475,77086,53,6,4,18143,0,23,Rent,Masters,Widowed,7,381003.0
11011,660,0.1335408179676553,135850,33,3,6,10394,5,19,Mortgage,High School,Widowed,0,31182.0
11012,600,0.7925195025621709,129646,65,9,9,4383,15,14,Rent,High School,Widowed,8,61362.0
11013,756,0.0205845945495644,68848,53,8,1,15037,5,18,Mortgage,Masters,Widowed,13,105259.0
11014,562,0.1811742284405968,138799,88,4,4,10321,4,14,Mortgage,High School,Widowed,23,206420.0
11015,790,0.0987406348428414,59665,79,8,12,10452,18,25,Rent,PhD,Widowed,17,156780.0
11016,823,0.280831268770402,162436,51,7,11,8453,11,27,Mortgage,High School,Divorced,2,33812.0
11017,657,0.3771296965161544,21419,28,1,1,11118,3,21,Rent,Masters,Widowed,28,44472.0
11018,457,0.9719361346199962,148196,81,8,7,14234,5,0,Rent,Masters,Widowed,1,241978.0
11019,350,0.1819854523198197,163025,20,2,12,13733,16,21,Own,Masters,Widowed,0,96131.0
11020,740,0.1171322809124022,116877,87,7,5,9306,1,17,Mortgage,Masters,Widowed,17,148896.0
11021,505,0.2843368039756481,137489,19,8,2,8541,4,9,Rent,PhD,Widowed,5,153738.0
11022,822,0.5455340484211137,168996,51,9,14,12080,2,4,Own,Bachelor,Widowed,14,48320.0
11023,514,0.12836668038577,31674,49,8,8,7108,4,5,Mortgage,Bachelor,Widowed,8,120836.0
11024,522,0.5373689679529517,186643,30,8,0,19542,12,12,Rent,Masters,Divorced,9,58626.0
11025,814,0.171967303085195,67201,45,8,9,19619,1,6,Own,Bachelor,Widowed,5,333523.0
11026,476,0.656342711827123,81853,48,8,2,19170,0,1,Rent,High School,Single,3,230040.0
11027,414,0.5996457113921962,79084,71,6,11,17166,2,8,Rent,High School,Widowed,9,154494.0
11028,719,0.7428488311207355,120790,44,8,8,7139,6,20,Mortgage,PhD,Single,6,142780.0
11029,599,0.0746627920041875,85954,52,6,17,17149,14,7,Mortgage,Masters,Single,23,85745.0
11030,654,0.4440072543847295,78723,89,0,1,6229,14,23,Rent,High School,Widowed,3,37374.0
11031,848,0.1969428325456834,79469,54,8,9,6058,13,3,Own,High School,Widowed,10,48464.0
11032,738,0.8076810135764236,80405,66,3,4,9137,4,4,Rent,Masters,Widowed,4,137055.0
11033,568,0.9191342220348124,76380,51,7,19,16495,6,4,Rent,Masters,Widowed,5,148455.0
11034,773,0.109288585273655,139465,20,3,14,7618,10,2,Mortgage,Masters,Single,22,60944.0
11035,522,0.2692644426631165,126646,61,6,6,7104,6,29,Rent,High School,Widowed,24,134976.0
11036,528,0.0001734286728399,72846,73,7,18,2219,0,3,Own,High School,Single,22,33285.0
11037,332,0.5097533871913349,166021,83,0,0,7076,11,6,Rent,Masters,Widowed,6,134444.0
11038,674,0.6407554322260336,50654,33,1,10,6231,5,8,Rent,PhD,Widowed,4,118389.0
11039,700,0.3165369318758103,36837,40,8,6,10057,4,10,Rent,Masters,Widowed,22,50285.0
11040,784,0.422553992095127,76631,80,9,16,9020,4,14,Rent,Masters,Widowed,26,171380.0
11041,614,0.6082119185225389,103627,33,9,7,14154,18,15,Mortgage,High School,Divorced,7,155694.0
11042,773,0.3065757520587573,74478,74,7,10,7994,3,18,Rent,PhD,Widowed,15,71946.0
11043,746,0.4129763091517641,169014,71,8,11,13077,6,6,Rent,Masters,Single,6,117693.0
11044,300,0.67281724691983,174370,64,8,7,15028,3,7,Rent,PhD,Widowed,8,210392.0
11045,669,0.1114259231323081,38072,43,1,14,19368,0,12,Rent,Masters,Married,1,387360.0
11046,762,0.557394347897432,120020,76,9,3,14547,13,21,Rent,Masters,Widowed,15,247299.0
11047,555,0.7607956945306897,113842,81,9,11,12481,0,4,Mortgage,High School,Widowed,20,249620.0
11048,604,0.4793270368495074,171781,32,7,2,1531,13,1,Rent,High School,Widowed,6,26027.0
11049,609,0.4255722656963295,188556,49,1,0,4650,1,1,Rent,PhD,Widowed,29,60450.0
11050,407,0.182172942831834,54217,60,9,14,6472,1,21,Mortgage,PhD,Widowed,16,51776.0
11051,684,0.0059417705901894,62154,18,3,19,12212,10,28,Mortgage,High School,Married,4,36636.0
11052,528,0.0964146209714001,81374,81,3,0,12471,17,6,Rent,High School,Widowed,1,162123.0
11053,829,0.7633125367574985,133454,48,2,1,18454,10,2,Mortgage,High School,Widowed,25,276810.0
11054,603,0.2573701817878503,179888,37,0,17,19788,8,1,Mortgage,High School,Widowed,23,356184.0
11055,710,0.6909655030162515,178287,48,6,8,13469,3,14,Rent,Bachelor,Widowed,14,282849.0
11056,642,0.0990683240412069,195318,45,5,19,15991,0,6,Own,PhD,Single,22,319820.0
11057,790,0.1646510678923759,109782,59,8,17,9726,7,17,Own,High School,Widowed,28,116712.0
11058,643,0.6339103753238905,67051,85,3,1,7034,4,0,Rent,High School,Married,1,105510.0
